SFTYPE,OFFENSE,BEAT_NO,RACE,lat,lon,beatnumdot,Year,Month
NA,NA,01,B,38.03029664976262,-78.47758331956588,01,2019,04
NA,NA,01,B,38.03120267663456,-78.4820863838158,01,2019,04
NA,NA,01,B,38.03093222382086,-78.4809092882969,01,2019,04
NA,NA,01,B,38.029023358268496,-78.47614072718564,01,2019,04
NA,NA,01,B,38.02986572678885,-78.47755106238124,01,2019,04
NA,NA,01,B,38.02903353630469,-78.47636248611218,01,2019,08
NA,NA,01,B,38.02903393150842,-78.4767849192849,01,2020,02
NA,NA,01,B,38.030026491350206,-78.47923975196079,01,2020,01
NA,NA,01,B,38.029289923964036,-78.47906534543728,01,2020,01
NA,NA,01,B,38.03101784228112,-78.48184708920141,01,2020,01
NA,NA,01,B,38.02996077583267,-78.48159049119408,01,2019,07
NA,NA,01,B,38.03031835388676,-78.48079641144896,01,2019,07
NA,NA,01,B,38.03058647950535,-78.4797374463481,01,2019,06
NA,NA,01,B,38.03099264591862,-78.48166459024357,01,2019,06
NA,NA,01,B,38.029374882282674,-78.47878236624153,01,2019,03
NA,NA,01,B,38.03037655351175,-78.48289211330906,01,2019,03
NA,NA,01,B,38.029474348011696,-78.47759032502752,01,2019,03
NA,NA,01,B,38.03094915422674,-78.47980542695683,01,2019,03
NA,NA,01,B,38.029466293397896,-78.47606608382736,01,2020,03
NA,NA,01,B,38.02932710268962,-78.47885742862566,01,2020,03
NA,NA,01,B,38.030401166283774,-78.48301298351927,01,2019,05
NA,NA,01,B,38.03052125157669,-78.48236603134303,01,2019,05
NA,NA,01,B,38.031065291346984,-78.48125080212287,01,2019,05
NA,NA,01,B,38.031551826235784,-78.48213130734804,01,2019,10
NA,NA,01,B,38.02903221565354,-78.47865889439458,01,2019,10
NA,NA,01,B,38.0307996604378,-78.47933939209192,01,2019,09
NA,NA,01,B,38.02993143237027,-78.47792746926393,01,2019,09
NA,NA,01,B,38.02941273169091,-78.47947384919483,01,2019,09
NA,NA,01,W,38.02966161705553,-78.48067785307367,01,2019,04
NA,NA,01,W,38.03071643661934,-78.47869229233001,01,2019,08
NA,NA,01,W,38.03034260429967,-78.47995269381074,01,2019,12
NA,NA,01,W,38.03145747855375,-78.48182059836671,01,2019,12
NA,NA,01,W,38.02926712859886,-78.478098707197,01,2019,02
NA,NA,01,W,38.02986101090797,-78.47716258062943,01,2020,02
NA,NA,01,W,38.029709753398066,-78.47937936029466,01,2020,02
NA,NA,01,W,38.02964607045319,-78.47633195074746,01,2020,01
NA,NA,01,W,38.02963494507235,-78.47804140729623,01,2020,01
NA,NA,01,W,38.02894012583285,-78.47844419969186,01,2019,07
NA,NA,01,W,38.030082967626605,-78.47918563998911,01,2019,06
NA,NA,01,W,38.03007687691103,-78.47997033610451,01,2019,06
NA,NA,01,W,38.03050343492925,-78.48074718688235,01,2019,06
NA,NA,01,W,38.02984301114787,-78.48129545760779,01,2019,06
NA,NA,01,W,38.03082957766092,-78.48114302859415,01,2019,06
NA,NA,01,W,38.03119427962283,-78.48137378022562,01,2019,03
NA,NA,01,W,38.03054254169891,-78.48224469103738,01,2020,03
NA,NA,01,W,38.03061881680941,-78.4835752651927,01,2019,05
NA,NA,01,W,38.02912717366581,-78.47736992159922,01,2019,05
NA,NA,01,W,38.02902691521359,-78.47727878239525,01,2019,11
NA,NA,01,W,38.02921479146791,-78.47893633768841,01,2019,11
NA,NA,01,W,38.03040313153318,-78.4810399942458,01,2019,10
NA,NA,01,W,38.02993640126332,-78.48110359604706,01,2019,10
NA,NA,02,B,38.03284055324929,-78.4807653615468,02,2020,04
NA,NA,02,B,38.030044380004924,-78.48488100506695,02,2019,08
NA,NA,02,B,38.03049257570557,-78.48541914492453,02,2019,12
NA,NA,02,B,38.02909633239092,-78.48092726990451,02,2020,02
NA,NA,02,B,38.03035367463722,-78.47733880898038,02,2020,01
NA,NA,02,B,38.03026410209781,-78.47561074076967,02,2019,07
NA,NA,02,B,38.03093167952598,-78.47728929849534,02,2019,07
NA,NA,02,B,38.03257753246223,-78.47989422485331,02,2019,06
NA,NA,02,B,38.0299867563212,-78.47595057122247,02,2019,06
NA,NA,02,B,38.03120962959378,-78.4798995764946,02,2019,05
NA,NA,02,B,38.02921999784557,-78.47962440664672,02,2019,05
NA,NA,02,B,38.032016782065334,-78.48334648813602,02,2019,05
NA,NA,02,B,38.02942204440552,-78.48216149077734,02,2019,05
NA,NA,02,B,38.030282729124394,-78.4843784750438,02,2019,05
NA,NA,02,B,38.03034478311531,-78.48335247675192,02,2019,05
NA,NA,02,B,38.03205611851715,-78.47991331224797,02,2019,05
NA,NA,02,B,38.032994823416,-78.48249310262332,02,2019,10
NA,NA,02,B,38.03072979084629,-78.47545388957882,02,2019,10
NA,NA,02,B,38.03197158586532,-78.48375326220777,02,2019,10
NA,NA,02,B,38.033142084846375,-78.48548895702456,02,2019,10
NA,NA,02,B,38.03224962715223,-78.48118170735337,02,2019,10
NA,NA,02,B,38.02895562451525,-78.48038909899765,02,2019,10
NA,NA,02,B,38.03014496057456,-78.4868616614238,02,2019,10
NA,NA,02,W,38.03080604998859,-78.4765795053644,02,2019,04
NA,NA,02,W,38.02999833493371,-78.4828279165026,02,2019,04
NA,NA,02,W,38.031629093621284,-78.4801631675939,02,2020,04
NA,NA,02,W,38.03172525968811,-78.4781839261908,02,2020,04
NA,NA,02,W,38.03100614387354,-78.47776621013448,02,2019,08
NA,NA,02,W,38.031627496790414,-78.48295762487501,02,2019,08
NA,NA,02,W,38.030697621337396,-78.47477580436909,02,2019,08
NA,NA,02,W,38.028782992028574,-78.47764495030387,02,2019,08
NA,NA,02,W,38.03066022394149,-78.48419338419583,02,2019,12
NA,NA,02,W,38.030442607402215,-78.47627453824029,02,2019,12
NA,NA,02,W,38.02920781753959,-78.4793253851992,02,2019,12
NA,NA,02,W,38.03088039038436,-78.47635031207687,02,2019,12
NA,NA,02,W,38.032151502026416,-78.48540763844733,02,2019,12
NA,NA,02,W,38.030137883717835,-78.48397942466758,02,2020,02
NA,NA,02,W,38.03035044205515,-78.48436712057732,02,2020,02
NA,NA,02,W,38.03231818258193,-78.48046606015446,02,2020,01
NA,NA,02,W,38.033875980542014,-78.48412093276083,02,2020,01
NA,NA,02,W,38.03361512328335,-78.48468083575364,02,2020,01
NA,NA,02,W,38.03096986571062,-78.47917013786774,02,2020,01
NA,NA,02,W,38.029866321263114,-78.48285583501057,02,2019,07
NA,NA,02,W,38.029460285952176,-78.48078267078607,02,2019,07
NA,NA,02,W,38.030083221760314,-78.48449697744297,02,2019,07
NA,NA,02,W,38.02937187622409,-78.48184322121973,02,2019,06
NA,NA,02,W,38.032034218568995,-78.47985314901514,02,2019,06
NA,NA,02,W,38.03063673701019,-78.48503997609777,02,2019,06
NA,NA,02,W,38.03025649704467,-78.48485860687306,02,2019,03
NA,NA,02,W,38.030957582564554,-78.48555816590411,02,2019,10
NA,NA,02,W,38.03106075405847,-78.47590244900756,02,2019,10
NA,NA,02,W,38.03260765024762,-78.47979154923735,02,2019,09
NA,NA,03,B,38.03216981335377,-78.49448965762537,03,2019,04
NA,NA,03,B,38.03256600130603,-78.49109535646632,03,2019,08
NA,NA,03,B,38.0312243399985,-78.49334019374382,03,2019,08
NA,NA,03,B,38.03177434986502,-78.48899624479924,03,2019,12
NA,NA,03,B,38.03335207225709,-78.4944699635461,03,2019,02
NA,NA,03,B,38.03402993131627,-78.49456334209576,03,2019,07
NA,NA,03,B,38.0312401917115,-78.49275835094426,03,2019,07
NA,NA,03,B,38.03142575188433,-78.48657972133029,03,2019,06
NA,NA,03,B,38.03565911072632,-78.49539943099767,03,2019,03
NA,NA,03,B,38.03163244627811,-78.49380085690937,03,2020,03
NA,NA,03,B,38.03460918306322,-78.49351227116033,03,2020,03
NA,NA,03,B,38.03294096053513,-78.48838478624045,03,2019,05
NA,NA,03,B,38.034279242908454,-78.49674109368809,03,2019,09
NA,NA,03,B,38.03403135703723,-78.4979046182563,03,2019,09
NA,NA,03,B,38.03289410309963,-78.48779171053322,03,2019,09
NA,NA,03,B,38.03162249512455,-78.49557674917996,03,2019,09
NA,NA,03,B,38.03499657528004,-78.498772704104,03,2019,09
NA,NA,03,W,38.031816958906504,-78.4938711341908,03,2019,08
NA,NA,03,W,38.031033594058904,-78.49435934244988,03,2019,12
NA,NA,03,W,38.03238372536877,-78.49481786031895,03,2019,12
NA,NA,03,W,38.032387342264435,-78.48683860401611,03,2019,12
NA,NA,03,W,38.031968136757165,-78.49133123426142,03,2019,02
NA,NA,03,W,38.03360876269969,-78.49653474292742,03,2019,02
NA,NA,03,W,38.03163907307413,-78.49196864961773,03,2019,02
NA,NA,03,W,38.03410721652137,-78.49777313641462,03,2019,02
NA,NA,03,W,38.03263112512359,-78.48933842006996,03,2019,07
NA,NA,03,W,38.03084564248329,-78.48822384076817,03,2019,06
NA,NA,03,W,38.03303713695558,-78.48872024569904,03,2019,03
NA,NA,03,W,38.031891249945595,-78.49213477611816,03,2020,03
NA,NA,03,W,38.032419098220636,-78.48685182145262,03,2019,05
NA,NA,03,W,38.03195815151492,-78.48952532895859,03,2019,11
NA,NA,03,W,38.032241030903144,-78.49095465659666,03,2019,09
NA,NA,04,B,38.03355576706313,-78.49159199572064,04,2020,04
NA,NA,04,B,38.03441088098659,-78.49277997645726,04,2020,04
NA,NA,04,B,38.03458860318463,-78.49251960381743,04,2020,04
NA,NA,04,B,38.03392421237009,-78.49051889329621,04,2020,04
NA,NA,04,B,38.03446380154338,-78.49248678181574,04,2020,04
NA,NA,04,B,38.0344526849535,-78.49211678062082,04,2020,04
NA,NA,04,B,38.03390607931354,-78.49185450693746,04,2019,07
NA,NA,04,B,38.03469884504591,-78.49254689787368,04,2019,07
NA,NA,04,B,38.034152061012726,-78.49066767656028,04,2019,07
NA,NA,04,B,38.03393173634907,-78.49019566544268,04,2020,03
NA,NA,04,B,38.03447883304209,-78.49255427527065,04,2020,03
NA,NA,04,B,38.03395673161853,-78.49078012005363,04,2020,03
NA,NA,04,B,38.034015646428955,-78.49136993074924,04,2019,05
NA,NA,04,B,38.03431626318526,-78.49155206047502,04,2019,11
NA,NA,04,B,38.034064478524996,-78.49071827358541,04,2019,10
NA,NA,04,B,38.03471806344338,-78.49252762259883,04,2019,10
NA,NA,04,B,38.033217864127934,-78.4909764255686,04,2019,10
NA,NA,04,B,38.03385723757508,-78.49184801356266,04,2019,10
NA,NA,04,W,38.03370706557152,-78.49202602397796,04,2020,02
NA,NA,04,W,38.03423834375742,-78.49143673782442,04,2019,11
NA,NA,05,B,38.03608485399177,-78.49290620059315,05,2019,04
NA,NA,05,B,38.03346871833978,-78.4892820882063,05,2019,04
NA,NA,05,B,38.03520641034326,-78.4904399106665,05,2020,04
NA,NA,05,B,38.037954169299105,-78.49335457291494,05,2019,12
NA,NA,05,B,38.03479358812057,-78.48679772789627,05,2019,12
NA,NA,05,B,38.03303079642237,-78.48600861580066,05,2019,12
NA,NA,05,B,38.03490140517178,-78.48950059088263,05,2019,12
NA,NA,05,B,38.03692970997385,-78.4891750430956,05,2019,12
NA,NA,05,B,38.038722198785756,-78.49321643246716,05,2019,12
NA,NA,05,B,38.03523829325716,-78.48959159711808,05,2019,12
NA,NA,05,B,38.03572959519571,-78.49371620716971,05,2020,02
NA,NA,05,B,38.034307301638975,-78.4907530210557,05,2020,02
NA,NA,05,B,38.03836790049386,-78.49280397015508,05,2020,02
NA,NA,05,B,38.03676944141338,-78.48926496131018,05,2020,02
NA,NA,05,B,38.03893167806338,-78.49151246612678,05,2020,01
NA,NA,05,B,38.03913225143472,-78.4937841674888,05,2019,07
NA,NA,05,B,38.03466620305277,-78.48983799132911,05,2019,06
NA,NA,05,B,38.03506108692186,-78.49263436633098,05,2019,03
NA,NA,05,B,38.03636996685149,-78.49034064595561,05,2019,03
NA,NA,05,B,38.03557480504188,-78.49040033501663,05,2019,03
NA,NA,05,B,38.038595982854225,-78.49260854388855,05,2019,05
NA,NA,05,B,38.037352978470985,-78.49244331748085,05,2019,11
NA,NA,05,W,38.03826759370966,-78.4937541183745,05,2019,04
NA,NA,05,W,38.03463384114792,-78.49138298177516,05,2019,12
NA,NA,05,W,38.03984537884999,-78.49207441766303,05,2020,02
NA,NA,05,W,38.03587792501726,-78.49005677064349,05,2020,01
NA,NA,05,W,38.03534833490632,-78.49335319884453,05,2019,07
NA,NA,05,W,38.034940547882954,-78.48757240221457,05,2019,05
NA,NA,06,B,38.041081738437846,-78.48147907254472,06,2020,04
NA,NA,06,B,38.04163655508966,-78.48948428640912,06,2020,04
NA,NA,06,B,38.03925929619822,-78.48292000991398,06,2020,04
NA,NA,06,B,38.04037982762179,-78.47895444614787,06,2019,08
NA,NA,06,B,38.04210949713702,-78.480885326646,06,2019,12
NA,NA,06,B,38.039400325118976,-78.48249970367922,06,2019,12
NA,NA,06,B,38.04107342874464,-78.4812305135079,06,2019,07
NA,NA,06,B,38.03587495505201,-78.4837108580489,06,2019,07
NA,NA,06,B,38.042344237937016,-78.47901300106953,06,2019,03
NA,NA,06,B,38.04325409907358,-78.47828866285629,06,2019,11
NA,NA,06,B,38.03990415645787,-78.47906583223651,06,2019,11
NA,NA,06,W,38.04214869943162,-78.47801766930071,06,2020,04
NA,NA,06,W,38.0417216383132,-78.49077304099262,06,2019,05
NA,NA,06,W,38.036170564957054,-78.48330272909449,06,2019,11
NA,NA,07,W,38.040914286886874,-78.47315402032959,07,2020,01
NA,NA,07,W,38.03607345374352,-78.47455339964874,07,2019,09
NA,NA,07,W,38.03756978231948,-78.47453825343665,07,2019,09
NA,NA,08,B,38.036195167432396,-78.46826605278622,08,2020,04
NA,NA,08,B,38.03332219819958,-78.46746067396198,08,2019,03
NA,NA,08,B,38.038250751567034,-78.46745186941625,08,2020,03
NA,NA,08,B,38.0344722571654,-78.46702294424408,08,2019,10
NA,NA,08,B,38.034726909855664,-78.47221238600524,08,2019,09
NA,NA,08,W,38.03580351328834,-78.4696602375518,08,2020,04
NA,NA,08,W,38.03432631725354,-78.47175390464605,08,2019,07
NA,NA,08,W,38.03373148924211,-78.47158806902252,08,2019,03
NA,NA,08,W,38.032711773730284,-78.46977934424628,08,2019,09
NA,NA,09,B,38.025509838236545,-78.46982342777584,09,2019,03
NA,NA,09,B,38.026480469417635,-78.47001588384457,09,2019,03
NA,NA,09,W,38.02870004361024,-78.46793819802099,09,2019,08
NA,NA,09,W,38.029380470045815,-78.4730303191223,09,2019,12
NA,NA,09,W,38.025132754116186,-78.46785239560492,09,2019,07
NA,NA,09,W,38.03160768315816,-78.46690999483265,09,2019,07
NA,NA,10,B,38.02220374120871,-78.46338485951765,10,2020,04
NA,NA,10,B,38.021703436524696,-78.48227632238986,10,2020,04
NA,NA,10,B,38.01522998355307,-78.47357422262729,10,2020,04
NA,NA,10,B,38.01642298582204,-78.48481614550388,10,2019,08
NA,NA,10,B,38.0162478237157,-78.48571863157021,10,2019,12
NA,NA,10,B,38.02021150625964,-78.4724904318862,10,2019,12
NA,NA,10,B,38.01460562345632,-78.48333500479089,10,2019,12
NA,NA,10,B,38.01798916103271,-78.4729170269818,10,2019,12
NA,NA,10,B,38.0218854912215,-78.46552369185066,10,2019,12
NA,NA,10,B,38.020970164729505,-78.46463073493565,10,2019,12
NA,NA,10,B,38.025464694813735,-78.47880720802274,10,2019,12
NA,NA,10,B,38.01582459847775,-78.46920151040858,10,2019,12
NA,NA,10,B,38.02021710937341,-78.46697393937838,10,2019,12
NA,NA,10,B,38.02224054631569,-78.46942160986953,10,2019,12
NA,NA,10,B,38.019888294421605,-78.47824967653486,10,2019,12
NA,NA,10,B,38.02174184166247,-78.48123590735746,10,2019,12
NA,NA,10,B,38.01456934943977,-78.48085426317397,10,2019,12
NA,NA,10,B,38.023383589246606,-78.48181096672626,10,2019,02
NA,NA,10,B,38.02610114124933,-78.47959753938373,10,2019,02
NA,NA,10,B,38.019783254589264,-78.4814773013004,10,2019,02
NA,NA,10,B,38.0193073895774,-78.4702670067912,10,2019,02
NA,NA,10,B,38.01497317719733,-78.47188224763849,10,2019,02
NA,NA,10,B,38.01517473634153,-78.48111532923149,10,2020,02
NA,NA,10,B,38.027377362037,-78.47827317011347,10,2020,01
NA,NA,10,B,38.01457148197936,-78.47487886887703,10,2020,01
NA,NA,10,B,38.015727689572444,-78.47602462809044,10,2019,07
NA,NA,10,B,38.02189887221542,-78.46913457824563,10,2019,07
NA,NA,10,B,38.012186040568785,-78.48236617502803,10,2019,06
NA,NA,10,B,38.020206472050056,-78.4667671323811,10,2019,06
NA,NA,10,B,38.02234989171094,-78.47766583913508,10,2019,06
NA,NA,10,B,38.019962872318175,-78.47831305262353,10,2019,06
NA,NA,10,B,38.020127007460566,-78.46813663521142,10,2020,03
NA,NA,10,B,38.018348183002445,-78.47159064151272,10,2020,03
NA,NA,10,B,38.01971226167877,-78.4710814614926,10,2020,03
NA,NA,10,B,38.021824882699306,-78.47043126710183,10,2020,03
NA,NA,10,B,38.01814174896687,-78.47938226004123,10,2020,03
NA,NA,10,B,38.025575086683304,-78.47741179436697,10,2020,03
NA,NA,10,B,38.02042500029915,-78.47148030756348,10,2020,03
NA,NA,10,B,38.02288117656509,-78.48200688223724,10,2020,03
NA,NA,10,B,38.02600334816473,-78.4750586265933,10,2019,05
NA,NA,10,B,38.01704230323715,-78.47037144518156,10,2019,11
NA,NA,10,B,38.02253111697724,-78.47645399442149,10,2019,10
NA,NA,10,B,38.02050406668211,-78.46628608372964,10,2019,10
NA,NA,10,B,38.01487692241884,-78.47387398584843,10,2019,09
NA,NA,10,B,38.02443457513436,-78.47869821751846,10,2019,09
NA,NA,10,B,38.01767931007065,-78.47378890146399,10,2019,09
NA,NA,10,B,38.014398259962576,-78.47356810925518,10,2019,09
NA,NA,10,W,38.014019061934235,-78.48240781523259,10,2019,08
NA,NA,10,W,38.01610396521065,-78.47814021943404,10,2019,08
NA,NA,10,W,38.014311108896074,-78.469425916762,10,2019,08
NA,NA,10,W,38.02381838136909,-78.47876577173844,10,2019,12
NA,NA,10,W,38.02507818871717,-78.47231073952086,10,2019,02
NA,NA,10,W,38.01499380780093,-78.48358309534291,10,2020,02
NA,NA,10,W,38.017395306020774,-78.47216801352735,10,2020,02
NA,NA,10,W,38.01988527533674,-78.48066715422942,10,2020,02
NA,NA,10,W,38.02028048644174,-78.46794740008652,10,2020,01
NA,NA,10,W,38.017769084835464,-78.48344366157366,10,2020,01
NA,NA,10,W,38.02154335703049,-78.4695515214775,10,2019,07
NA,NA,10,W,38.02663527805535,-78.47325977308546,10,2019,06
NA,NA,10,W,38.01353767730557,-78.47422233481174,10,2019,06
NA,NA,10,W,38.020638762729696,-78.46444236314971,10,2019,06
NA,NA,10,W,38.02143090347039,-78.47778099120977,10,2019,06
NA,NA,10,W,38.022403316504636,-78.47001296156405,10,2019,06
NA,NA,10,W,38.01805138814712,-78.47463130130103,10,2019,06
NA,NA,10,W,38.019300234267,-78.48375480574201,10,2019,06
NA,NA,10,W,38.01212381571948,-78.4830045019682,10,2019,06
NA,NA,10,W,38.01375532027636,-78.48299123598889,10,2019,06
NA,NA,10,W,38.015454850431325,-78.46934893524913,10,2019,06
NA,NA,10,W,38.01939952251125,-78.47154025013923,10,2020,03
NA,NA,10,W,38.01973717377515,-78.47609863871251,10,2019,05
NA,NA,10,W,38.01882363667735,-78.4800672482497,10,2019,05
NA,NA,10,W,38.019385763811385,-78.47801537912176,10,2019,11
NA,NA,10,W,38.026610642644954,-78.47275435465195,10,2019,11
NA,NA,10,W,38.013621450051325,-78.46898296052666,10,2019,11
NA,NA,10,W,38.0158344727254,-78.46999293712268,10,2019,10
NA,NA,10,W,38.018166335913556,-78.47892356594922,10,2019,10
NA,NA,10,W,38.01597964639086,-78.48637273567523,10,2019,10
NA,NA,10,W,38.02580854877063,-78.47732617913906,10,2019,09
NA,NA,10,W,38.02072352144974,-78.4799620243407,10,2019,09
NA,NA,10,W,38.01840136547327,-78.46963991700527,10,2019,09
NA,NA,11,B,38.0287210623812,-78.48355065696313,11,2020,04
NA,NA,11,B,38.02875337409787,-78.48517537044475,11,2019,02
NA,NA,11,B,38.02764938542924,-78.48269905614059,11,2019,02
NA,NA,11,B,38.028845496735215,-78.48032668910625,11,2019,02
NA,NA,11,B,38.02870069861886,-78.48344542920383,11,2020,01
NA,NA,11,B,38.029392806319926,-78.48560754736995,11,2019,07
NA,NA,11,B,38.02899747749714,-78.48463845959809,11,2019,07
NA,NA,11,B,38.02621009645399,-78.4799529409674,11,2019,06
NA,NA,11,B,38.02865437627118,-78.47877982202736,11,2019,06
NA,NA,11,B,38.02740625096679,-78.47934169101302,11,2019,03
NA,NA,11,B,38.02746947617395,-78.48065273777229,11,2020,03
NA,NA,11,B,38.02811459285009,-78.4794893924813,11,2020,03
NA,NA,11,B,38.02665905906165,-78.47980852964359,11,2020,03
NA,NA,11,B,38.02669496152104,-78.48083168037088,11,2020,03
NA,NA,11,B,38.02749835717228,-78.48211776386465,11,2020,03
NA,NA,11,B,38.02737142229766,-78.48131539304137,11,2020,03
NA,NA,11,B,38.02817265918345,-78.48280962829425,11,2020,03
NA,NA,11,B,38.0280676215775,-78.48248661327271,11,2019,05
NA,NA,11,B,38.02747891589328,-78.48201413725643,11,2019,05
NA,NA,11,B,38.028225005690466,-78.48107942676526,11,2019,10
NA,NA,11,W,38.02770770305813,-78.48310671868258,11,2020,02
NA,NA,11,W,38.0286924484616,-78.48047384334433,11,2019,07
NA,NA,11,W,38.02829834521589,-78.48445373343574,11,2019,07
NA,NA,11,W,38.02784464273052,-78.47885306027207,11,2019,03
NA,NA,11,W,38.02837610811638,-78.48218797137781,11,2019,05
NA,NA,12,B,38.02502302393371,-78.48639642435097,12,2019,04
NA,NA,12,B,38.02171480196661,-78.48505922221615,12,2019,04
NA,NA,12,B,38.02070135561833,-78.49182856662138,12,2019,04
NA,NA,12,B,38.023786706935134,-78.48830132093154,12,2020,04
NA,NA,12,B,38.020338475401594,-78.4939352758963,12,2019,08
NA,NA,12,B,38.023849409637315,-78.48818726455423,12,2019,08
NA,NA,12,B,38.02236074308579,-78.4850913116702,12,2019,12
NA,NA,12,B,38.01977249868101,-78.49202564582332,12,2019,12
NA,NA,12,B,38.026816388376574,-78.48293791032037,12,2019,02
NA,NA,12,B,38.01987045191384,-78.49121870330468,12,2019,02
NA,NA,12,B,38.0213383808238,-78.49076984675033,12,2019,02
NA,NA,12,B,38.02204504882004,-78.48572959099144,12,2019,02
NA,NA,12,B,38.01834699667997,-78.49278193238338,12,2020,02
NA,NA,12,B,38.023094626155064,-78.48455101806705,12,2020,01
NA,NA,12,B,38.02240107593838,-78.48945301104897,12,2020,01
NA,NA,12,B,38.02747919240935,-78.48322693499047,12,2019,07
NA,NA,12,B,38.02775966641889,-78.4850371728288,12,2019,06
NA,NA,12,B,38.01678435623004,-78.4879776166292,12,2019,06
NA,NA,12,B,38.023506358902246,-78.48961641579832,12,2019,06
NA,NA,12,B,38.022507590384464,-78.48729354209792,12,2019,03
NA,NA,12,B,38.02240825064586,-78.48536204985818,12,2019,03
NA,NA,12,B,38.01889310605418,-78.49098674419044,12,2019,05
NA,NA,12,B,38.0167522936135,-78.4936312118357,12,2019,05
NA,NA,12,B,38.02190574542988,-78.48967275972598,12,2019,05
NA,NA,12,B,38.01814872820776,-78.48831805660429,12,2019,11
NA,NA,12,B,38.02740917758626,-78.48638306484834,12,2019,11
NA,NA,12,B,38.025156985849094,-78.4813867850633,12,2019,09
NA,NA,12,W,38.01593895854213,-78.49369747751058,12,2020,04
NA,NA,12,W,38.024535609067065,-78.48267616159323,12,2020,04
NA,NA,12,W,38.02345383425169,-78.48622197305937,12,2019,08
NA,NA,12,W,38.02003542350935,-78.48490134366948,12,2019,08
NA,NA,12,W,38.01927176734661,-78.49280655281719,12,2019,12
NA,NA,12,W,38.02228153421587,-78.48947206696062,12,2019,02
NA,NA,12,W,38.02071952236343,-78.49420245178776,12,2020,01
NA,NA,12,W,38.02764359079821,-78.48522315975232,12,2019,11
NA,NA,12,W,38.025225829895355,-78.48124480752224,12,2019,10
NA,NA,12,W,38.018536348461716,-78.49116687478713,12,2019,10
NA,NA,13,B,38.02966326023382,-78.50014806333924,13,2019,04
NA,NA,13,B,38.027611485560875,-78.50091963407085,13,2019,04
NA,NA,13,B,38.0271376133617,-78.4998247515492,13,2019,04
NA,NA,13,B,38.02957324085257,-78.49307480331264,13,2020,04
NA,NA,13,B,38.02917826733308,-78.49476638874539,13,2020,04
NA,NA,13,B,38.02761993292243,-78.49190843801472,13,2019,08
NA,NA,13,B,38.025757940572205,-78.48963476202195,13,2019,08
NA,NA,13,B,38.02934718841204,-78.493234081801,13,2019,08
NA,NA,13,B,38.028179144972825,-78.49513454694193,13,2019,12
NA,NA,13,B,38.02860106251748,-78.50204634144445,13,2019,12
NA,NA,13,B,38.029529267449846,-78.49851597928465,13,2019,02
NA,NA,13,B,38.02694563362623,-78.48991445109256,13,2020,02
NA,NA,13,B,38.02750688278672,-78.50103776151472,13,2020,02
NA,NA,13,B,38.029009423369,-78.49878686779236,13,2020,01
NA,NA,13,B,38.027382757283945,-78.49113940801313,13,2020,01
NA,NA,13,B,38.028280125018235,-78.50517055814828,13,2019,07
NA,NA,13,B,38.02740216378939,-78.4926027725975,13,2019,07
NA,NA,13,B,38.02794662123747,-78.49307893007463,13,2019,09
NA,NA,13,W,38.02804029196571,-78.50628148960341,13,2019,04
NA,NA,13,W,38.02601919155597,-78.49647067639938,13,2019,04
NA,NA,13,W,38.02822330603814,-78.49714676280946,13,2019,02
NA,NA,13,W,38.02862068714765,-78.5006323306884,13,2020,02
NA,NA,13,W,38.02677317125758,-78.4881774578772,13,2019,06
NA,NA,13,W,38.02816629151009,-78.48765545399577,13,2019,09
NA,NA,14,B,38.030351779884406,-78.49865283765486,14,2020,03
NA,NA,14,B,38.02490203918136,-78.51933649468776,14,2019,09
NA,NA,14,W,38.02574988600904,-78.52024193930005,14,2020,02
NA,NA,14,W,38.025852079595985,-78.51877022313116,14,2019,05
NA,NA,14,W,38.028529655934605,-78.51601047087446,14,2019,05
NA,NA,14,W,38.02485140505993,-78.51601670783823,14,2019,09
NA,NA,14,W,38.02705848379292,-78.51024205192319,14,2019,09
NA,NA,14,W,38.02721138933173,-78.511466740769,14,2019,09
NA,NA,15,B,38.034550214601275,-78.49978723136901,15,2019,04
NA,NA,15,B,38.03620936674082,-78.50119861833545,15,2019,08
NA,NA,15,B,38.03449417003914,-78.49983747387107,15,2019,08
NA,NA,15,B,38.03690988698772,-78.50035647877753,15,2019,12
NA,NA,15,B,38.037594599699595,-78.50045632477756,15,2019,02
NA,NA,15,B,38.03658324720427,-78.50072417842658,15,2019,02
NA,NA,15,B,38.03598143945038,-78.50016469118376,15,2020,01
NA,NA,15,B,38.035640620281676,-78.50071396303048,15,2019,07
NA,NA,15,B,38.03572558816792,-78.50023306619495,15,2019,07
NA,NA,15,B,38.0375268325032,-78.50049797513527,15,2019,07
NA,NA,15,B,38.03572929021291,-78.49997718437925,15,2019,03
NA,NA,15,B,38.03661384442146,-78.5009679676405,15,2019,03
NA,NA,15,B,38.03425578245781,-78.49946983990313,15,2019,03
NA,NA,15,B,38.03583346103899,-78.50032728116244,15,2019,03
NA,NA,15,B,38.03550361206346,-78.50057947075265,15,2019,03
NA,NA,15,B,38.03458888438597,-78.5002031988587,15,2019,03
NA,NA,15,B,38.03769333567507,-78.50046197667574,15,2020,03
NA,NA,15,B,38.03534766534234,-78.50055202961578,15,2019,05
NA,NA,15,B,38.035248422777634,-78.50054578973827,15,2019,11
NA,NA,15,B,38.036379497894124,-78.50044848403081,15,2019,10
NA,NA,15,B,38.03516641589045,-78.50001989115927,15,2019,10
NA,NA,15,B,38.03722074494197,-78.50053553139094,15,2019,09
NA,NA,15,B,38.03474239121893,-78.499785435247,15,2019,09
NA,NA,15,B,38.03721918656756,-78.50035652027891,15,2019,09
NA,NA,15,W,38.037150516921265,-78.50042735427628,15,2019,04
NA,NA,15,W,38.035981729614036,-78.50096093348232,15,2019,08
NA,NA,15,W,38.03470468028851,-78.49925488069209,15,2019,08
NA,NA,15,W,38.036890149899534,-78.50049669547776,15,2019,08
NA,NA,15,W,38.03532714298909,-78.50063277864656,15,2019,12
NA,NA,15,W,38.03524053075631,-78.50058968343578,15,2019,02
NA,NA,15,W,38.03482727799662,-78.49973093790433,15,2019,02
NA,NA,15,W,38.03621762941995,-78.50090872886658,15,2019,02
NA,NA,15,W,38.03594199457318,-78.5013061106854,15,2020,02
NA,NA,15,W,38.03476463095444,-78.50002704369591,15,2020,02
NA,NA,15,W,38.03692724757989,-78.50029368812194,15,2020,01
NA,NA,15,W,38.03408140450617,-78.49950610106715,15,2019,07
NA,NA,15,W,38.03442490028612,-78.49986739418499,15,2019,07
NA,NA,15,W,38.03481730316089,-78.49904324303897,15,2019,07
NA,NA,15,W,38.03521491958521,-78.50004562318183,15,2019,07
NA,NA,15,W,38.03640519671008,-78.5005473009428,15,2019,06
NA,NA,15,W,38.036872930629954,-78.50048873798357,15,2019,06
NA,NA,15,W,38.03573173369906,-78.49998096443069,15,2019,06
NA,NA,15,W,38.0366717079405,-78.50004296570305,15,2019,06
NA,NA,15,W,38.03651612068256,-78.50025993441768,15,2019,06
NA,NA,15,W,38.03576257581601,-78.49996879386376,15,2019,03
NA,NA,15,W,38.03646474395395,-78.50028136574542,15,2019,03
NA,NA,15,W,38.035073247258225,-78.49979747008004,15,2019,03
NA,NA,15,W,38.037162229482625,-78.5006701776351,15,2020,03
NA,NA,15,W,38.034688903934246,-78.49946386456942,15,2019,11
NA,NA,15,W,38.03628631375611,-78.50050278473458,15,2019,11
NA,NA,15,W,38.037407012804216,-78.50033831391316,15,2019,10
NA,NA,15,W,38.03509362882111,-78.50045934623148,15,2019,10
NA,NA,15,W,38.036139747168455,-78.50115813565117,15,2019,10
NA,NA,15,W,38.03732160292836,-78.50017889641629,15,2019,10
NA,NA,15,W,38.036765224072425,-78.5003543486329,15,2019,10
NA,NA,15,W,38.03759427844446,-78.500500881107655,15,2019,09
NA,NA,15,W,38.03636189338467,-78.5004567867547,15,2019,09
NA,NA,16,B,38.042223831685604,-78.49964900820225,16,2019,04
NA,NA,16,B,38.03986456945664,-78.49958624537302,16,2019,04
NA,NA,16,B,38.046879710009684,-78.49788926151798,16,2020,04
NA,NA,16,B,38.045180974144884,-78.4975353915532,16,2019,12
NA,NA,16,B,38.04196193216192,-78.49861443448795,16,2020,01
NA,NA,16,B,38.047166913094394,-78.50284959530212,16,2020,01
NA,NA,16,B,38.044020808873704,-78.49530562952349,16,2020,01
NA,NA,16,B,38.03804853352511,-78.49724505892469,16,2019,07
NA,NA,16,B,38.043636445546575,-78.50350566768371,16,2019,07
NA,NA,16,B,38.03897593019086,-78.49586368323287,16,2020,03
NA,NA,16,B,38.043613526011654,-78.4976187161211,16,2019,05
NA,NA,16,B,38.04430882519111,-78.50315263693192,16,2019,10
NA,NA,16,B,38.03698985512825,-78.49879729434045,16,2019,10
NA,NA,16,B,38.04210861946333,-78.50055354289057,16,2019,10
NA,NA,16,B,38.04100433611749,-78.50535357129928,16,2019,10
NA,NA,16,B,38.044728031920386,-78.4942300595046,16,2019,09
NA,NA,16,W,38.04323840543076,-78.49373473950851,16,2020,04
NA,NA,16,W,38.04646637549006,-78.50064873460778,16,2019,02
NA,NA,16,W,38.047775693677295,-78.50181277483074,16,2020,02
NA,NA,16,W,38.04573487369542,-78.49689257605608,16,2020,01
NA,NA,16,W,38.04473683253606,-78.49547597656483,16,2019,11
NA,NA,16,W,38.043948432584536,-78.50292146602179,16,2019,11
NA,NA,16,W,38.04145810098201,-78.49721308922999,16,2019,10
NA,NA,16,W,38.051721351114466,-78.4994872269642,16,2019,10
NA,NA,17,B,38.04330536456591,-78.48300381367174,17,2019,04
NA,NA,17,B,38.04411471971585,-78.47966633409631,17,2020,02
NA,NA,17,B,38.04166329470186,-78.48374656603167,17,2020,02
NA,NA,17,B,38.044247495869925,-78.49103104155964,17,2019,05
NA,NA,17,B,38.042226127484476,-78.49178647355421,17,2019,05
NA,NA,18,B,38.05128180944546,-78.47162672171582,18,2020,04
NA,NA,18,B,38.04782347192153,-78.4751004989505,18,2020,01
NA,NA,18,B,38.05223907689056,-78.45719272090643,18,2020,01
NA,NA,18,B,38.05552613142119,-78.45264211519545,18,2019,10
NA,NA,18,W,38.04626135777486,-78.4635045056654,18,2019,04
NA,NA,18,W,38.04425127402536,-78.4677575584993,18,2019,12
NA,NA,18,W,38.042914800313106,-78.4641528132371,18,2019,12
NA,NA,18,W,38.050937370411816,-78.45580068298567,18,2019,12
NA,NA,18,W,38.04723199752878,-78.471958013756,18,2020,02
NA,NA,18,W,38.05023177187602,-78.45123802072388,18,2020,01
NA,NA,18,W,38.05448704253042,-78.44844874503715,18,2020,01
NA,NA,18,W,38.04127101506175,-78.46603214492677,18,2020,03
NA,NA,18,W,38.045381550760126,-78.4778449050921,18,2019,05
NA,NA,18,W,38.05380695589373,-78.44788997139233,18,2019,05
NA,NA,18,W,38.04335409606982,-78.46264519193737,18,2019,05
NA,NA,19,W,38.04268130714704,-78.45599544478326,19,2020,04
NA,NA,19,W,38.039312352615624,-78.45852547952035,19,2020,02
NA,NA,19,W,38.037910877773065,-78.45989078608228,19,2019,03
NA,NA,19,W,38.040255320459366,-78.46300087783418,19,2020,03
NA,NA,19,W,38.038038196805395,-78.46501719342086,19,2019,11
NA,NA,19,W,38.03954602268098,-78.45508355682085,19,2019,10
NA,NA,19,W,38.04216278122682,-78.45674303674586,19,2019,10
NA,NA,19,W,38.036910505020835,-78.4611658517462,19,2019,10
NA,NA,20,B,38.023424585360544,-78.46140537080007,20,2020,04
NA,NA,20,B,38.02292411477184,-78.45492755709363,20,2020,04
NA,NA,20,B,38.02482576796047,-78.46289919902745,20,2019,08
NA,NA,20,B,38.026632743144496,-78.46589191839576,20,2019,02
NA,NA,20,B,38.02627607960605,-78.46551706357614,20,2020,02
NA,NA,20,W,38.023263244842624,-78.45696116714473,20,2019,08
NA,NA,20,W,38.0286752469072,-78.46595327774753,20,2019,12
NA,NA,20,W,38.02458629184398,-78.45881017572879,20,2019,02
NA,NA,20,W,38.03320585697082,-78.46102632134259,20,2020,01
NA,NA,20,W,38.022477740167226,-78.4639986059334,20,2019,07
NA,NA,20,W,38.02558946566391,-78.46425558003997,20,2019,03
NA,NA,20,W,38.03164631777014,-78.46149845669436,20,2019,03
NA,NA,21,B,38.0250272085336,-78.49329717494822,21,2019,08
NA,NA,21,B,38.02533844240087,-78.49349209731275,21,2019,08
NA,NA,21,B,38.01964925613736,-78.4970054134528,21,2019,08
NA,NA,21,B,38.0221201429276,-78.49472104892145,21,2020,02
NA,NA,21,B,38.022262509865904,-78.49386849513542,21,2020,01
NA,NA,21,B,38.0241324711487,-78.49541809536368,21,2020,01
NA,NA,21,B,38.01966477558394,-78.49608828750416,21,2019,03
NA,NA,21,B,38.0217595190359,-78.49410981343357,21,2019,03
NA,NA,21,B,38.02209892766079,-78.49602153599302,21,2019,03
NA,NA,21,B,38.022997237436705,-78.49699592074036,21,2019,03
NA,NA,21,B,38.01947295192519,-78.49714714434613,21,2020,03
NA,NA,21,B,38.02323100233115,-78.49464339705189,21,2019,05
NA,NA,21,B,38.0224346214447,-78.49452951032599,21,2019,05
NA,NA,21,B,38.025386719535234,-78.49484446234973,21,2019,10
NA,NA,21,W,38.021489269844515,-78.49655839643991,21,2019,07
NA,NA,21,W,38.02361822341377,-78.49393332469236,21,2019,11
NA,NA,22,B,38.022420307763504,-78.4981141667647,22,2019,04
NA,NA,22,B,38.02474556264412,-78.49730026067877,22,2019,09
NA,NA,22,W,38.01952008648603,-78.50607702591232,22,2020,02
NA,NA,22,W,38.023950200946395,-78.49761329103754,22,2020,01
NA,NA,22,W,38.02130737464715,-78.50072548276019,22,2019,03
NA,NA,22,W,38.02306349989561,-78.50310791712037,22,2019,03
NA,NA,23,B,38.023598192782856,-78.50784335757594,23,2019,04
NA,NA,23,B,38.02171094382496,-78.51247782279107,23,2020,04
NA,NA,23,B,38.02330089559614,-78.51239430117293,23,2020,04
NA,NA,23,B,38.02348292590917,-78.5188636569557,23,2019,06
NA,NA,23,B,38.022395913465544,-78.52208968635712,23,2019,06
NA,NA,23,W,38.0139418307871,-78.51038597223302,23,2019,04
NA,NA,23,W,38.02127151333423,-78.51624103500318,23,2019,08
NA,NA,23,W,38.012387935964604,-78.51826099006391,23,2019,02
NA,NA,23,W,38.024207152741916,-78.50930150282508,23,2020,02
NA,NA,23,W,38.01248989141926,-78.51324123663926,23,2020,01
NA,NA,23,W,38.01791657920445,-78.50738399004301,23,2019,07
NA,NA,23,W,38.01383127454212,-78.50749989290435,23,2019,07
NA,NA,23,W,38.025408306989576,-78.50500660560824,23,2019,07
NA,NA,23,W,38.01131225992215,-78.5132754514175,23,2019,03
NA,NA,23,W,38.01553761014059,-78.51711081230317,23,2020,03
NA,NA,24,B,38.03885979182343,-78.51519907347851,24,2019,06
NA,NA,24,W,38.041467148661916,-78.50955741577027,24,2019,08
NA,NA,24,W,38.03941434694363,-78.51315101941087,24,2020,02
NA,NA,25,B,38.057255874852125,-78.49840828721877,25,2019,06
NA,NA,25,B,38.04996837890751,-78.50597202838847,25,2019,03
NA,NA,25,B,38.054311288488314,-78.49865328765422,25,2019,11
NA,NA,25,B,38.05458583976565,-78.49863485138141,25,2019,11
NA,NA,25,B,38.054283890622145,-78.502632273185,25,2019,11
NA,NA,25,B,38.04924780679604,-78.50643437953347,25,2019,09
NA,NA,25,W,38.05465901276263,-78.50346900910957,25,2019,04
NA,NA,25,W,38.053105834856105,-78.50112856153063,25,2019,02
NA,NA,25,W,38.05666810181655,-78.50558819109158,25,2019,06
NA,NA,25,W,38.05531078514161,-78.49898187246296,25,2019,03
NA,NA,25,W,38.05590896880804,-78.50411505494819,25,2020,03
NA,NA,26,B,38.050385369154895,-78.50384463151948,26,2019,02
NA,NA,26,B,38.050195546154114,-78.50236762332779,26,2019,06
NA,NA,26,B,38.05032651576438,-78.50267105290257,26,2019,03
NA,NA,26,W,38.0507301820191,-78.5020129716285,26,2019,04
NA,NA,26,W,38.049270702615615,-78.50298373463515,26,2019,04
NA,NA,26,W,38.053127252540314,-78.50082503459481,26,2019,08
NA,NA,26,W,38.04933415029286,-78.50354798370068,26,2019,12
NA,NA,26,W,38.049642337945684,-78.50257652016226,26,2019,12
NA,NA,26,W,38.05408622222903,-78.50009438424075,26,2019,07
NA,NA,26,W,38.05029497066532,-78.50294281887948,26,2019,07
NA,NA,26,W,38.049617568319974,-78.5045205651379,26,2019,06
NA,NA,26,W,38.04895342707339,-78.50495633200292,26,2020,03
NA,NA,26,W,38.05105420470796,-78.5013521615477,26,2020,03
NA,NA,26,W,38.05086293270741,-78.50119321891373,26,2020,03
NA,NA,26,W,38.05070548937429,-78.50331223305773,26,2019,09
NA,NA,26,W,38.05179015666186,-78.50209562114046,26,2019,09
NA,NA,27,B,38.05615987964335,-78.49333316819288,27,2019,04
NA,NA,27,B,38.048900231864515,-78.48190758120715,27,2019,08
NA,NA,27,B,38.05378220974104,-78.49624227372291,27,2020,02
NA,NA,27,B,38.04692810468801,-78.48235166500088,27,2019,03
NA,NA,27,B,38.05085078991429,-78.49330556748407,27,2019,09
NA,NA,27,W,38.04547820276157,-78.48155451340259,27,2019,02
NA,NA,27,W,38.05159779714442,-78.48488220396473,27,2019,05
NA,NA,28,B,38.057551046351385,-78.47007930715304,28,2019,08
NA,NA,28,B,38.05675000854886,-78.47899457959912,28,2019,08
NA,NA,28,B,38.05670657310278,-78.47059595630924,28,2019,08
NA,NA,28,B,38.05114354699189,-78.47768066586266,28,2019,12
NA,NA,28,B,38.05376934707828,-78.4763693853635,28,2019,02
NA,NA,28,B,38.05545180488049,-78.47552184627277,28,2019,02
NA,NA,28,B,38.06005447504877,-78.48211449729725,28,2020,02
NA,NA,28,B,38.06028589305441,-78.47345383937751,28,2019,03
NA,NA,28,B,38.057236766332,-78.47682165702426,28,2019,05
NA,NA,28,B,38.05864916090715,-78.47232970673329,28,2019,05
NA,NA,28,B,38.05711035222517,-78.46996885342502,28,2019,11
NA,NA,28,B,38.04844377459572,-78.4762397543645,28,2019,10
NA,NA,29,B,38.065202456989525,-78.46772303563935,29,2019,05
NA,NA,29,B,38.066707903463694,-78.46754530931798,29,2019,05
NA,NA,29,B,38.061106259956134,-78.47721964337495,29,2019,05
NA,NA,29,B,38.0668806879516,-78.47153872805056,29,2019,05
NA,NA,29,W,38.06517793611194,-78.4658287173145,29,2020,04
NA,NA,29,W,38.064285010877406,-78.48213373676774,29,2020,04
NA,NA,29,W,38.062715141168226,-78.47899040767717,29,2020,04
NA,NA,29,W,38.06596743060928,-78.4686444380342,29,2019,09
NA,NA,30,B,38.06671524171119,-78.48603763063514,30,2020,04
NA,NA,30,B,38.06361595608034,-78.4844462261658,30,2020,04
NA,NA,30,B,38.0661312271851,-78.48246587291268,30,2019,12
NA,NA,30,B,38.060113483568244,-78.48757080189311,30,2019,02
NA,NA,30,B,38.06101741788379,-78.4915608925465,30,2019,02
NA,NA,30,B,38.067610493912845,-78.48481869840103,30,2019,02
NA,NA,30,B,38.058793268593504,-78.491483362964,30,2019,07
NA,NA,30,B,38.06531215896263,-78.48812720824506,30,2019,07
NA,NA,30,B,38.06045504667877,-78.49106337044357,30,2019,09
NA,NA,30,B,38.06497805351202,-78.4840587864698,30,2019,09
NA,NA,30,W,38.06051998721411,-78.49199890842145,30,2019,04
NA,NA,30,W,38.062639654562396,-78.4873177592435,30,2019,04
NA,NA,30,W,38.064636441626526,-78.48825382802707,30,2019,12
NA,NA,30,W,38.066892038046795,-78.48313582353632,30,2019,12
NA,NA,30,W,38.059751506798875,-78.48906466519843,30,2019,02
NA,NA,30,W,38.06731561395296,-78.48567298964089,30,2019,02
NA,NA,30,W,38.065472154587574,-78.48758165909413,30,2019,02
NA,NA,30,W,38.05883051341561,-78.49121205087113,30,2019,02
NA,NA,30,W,38.061975233539016,-78.48613759353674,30,2019,02
NA,NA,30,W,38.06405820877616,-78.48770133501698,30,2019,07
NA,NA,30,W,38.06412108049887,-78.48534468533694,30,2019,06
NA,NA,30,W,38.06668259025641,-78.48210689076575,30,2019,11
NA,NA,30,W,38.063578979661415,-78.48708367148878,30,2019,11
NA,NA,30,W,38.065427307262524,-78.48837171396389,30,2019,10
NA,NA,30,W,38.06103057108674,-78.49182433605824,30,2019,09
NA,NA,31,B,38.06068504703056,-78.49411670161668,31,2019,03
NA,NA,31,W,38.05946800387995,-78.4952892125373,31,2019,03
NA,NA,31,W,38.059791778714924,-78.49726375860907,31,2020,03
NA,NA,31,W,38.06257271573737,-78.49778040478778,31,2019,05
NA,NA,31,W,38.05953177184624,-78.49689151002998,31,2019,05
NA,NA,31,W,38.05956816398504,-78.49600905470767,31,2019,05
NA,NA,31,W,38.05850628154725,-78.49895904313446,31,2019,09
NA,NA,32,B,38.0127525334337,-78.50186560608043,32,2019,12
NA,NA,32,B,38.01578045345994,-78.49783900466312,32,2020,01
NA,NA,32,B,38.01420653366652,-78.49749864735294,32,2020,01
NA,NA,32,B,38.01671383050061,-78.49533120858753,32,2020,01
NA,NA,32,B,38.01317268149173,-78.5008584239176,32,2019,05
NA,NA,32,B,38.01274081606644,-78.50222965510956,32,2019,10
NA,NA,32,W,38.01404400188868,-78.50014820771965,32,2019,02
NA,NA,32,W,38.01505685365499,-78.4956793490122,32,2020,02
NA,NA,32,W,38.016498925455366,-78.49724658879134,32,2019,07
NA,NA,32,W,38.01442814059019,-78.49691711846435,32,2019,03
NA,NA,32,W,38.015589668133,-78.49885068717461,32,2020,03
NA,NA,32,W,38.01263281390583,-78.50033794916042,32,2019,05
NA,NA,32,W,38.01585716311386,-78.49510279252789,32,2019,05
NA,NA,32,W,38.01596294277488,-78.49683942033607,32,2019,11
NA,NA,32,W,38.016957057175986,-78.49722710611199,32,2019,10
NA,NA,32,W,38.015155793256284,-78.49885105349401,32,2019,09
NA,NA,33,B,38.0142752991602,-78.50483768525984,33,2020,04
NA,NA,33,W,38.015421723768156,-78.50442758196749,33,2019,08
NA,NA,33,W,38.01572439573136,-78.49956554780498,33,2019,07
NA,NA,33,W,38.0122885091199,-78.50384812021728,33,2019,06
STOP WITH SEARCH OR FRISK,Suspicious Circumstance,10,B,38.0148390625493,-78.47774289125742,10,2017,NA
STOP WITH SEARCH OR FRISK,Narcotics Investigation,20,B,38.022973155143696,-78.46358678002579,20,2017,NA
STOP WITH SEARCH OR FRISK,Narcotics Investigation,13,B,38.02921166887444,-78.49390369013904,13,2017,NA
STOP WITH SEARCH OR FRISK,Narcotics Investigation,20,W,38.03011028344841,-78.46408279334395,20,2017,NA
STOP WITH SEARCH OR FRISK,Assist Rescue,31,B,38.0598404099085,-78.50136627636135,31,2017,NA
STOP WITH SEARCH OR FRISK,Narcotics Investigation,10,W,38.01865746405476,-78.46896990235486,10,2017,NA
STOP WITH SEARCH OR FRISK,Narcotics Investigation,16,B,38.04345680546232,-78.50489493296506,16,2017,NA
Search WITHOUT Stop-Frisk,Aggravated Assault,10,B,38.02030482940248,-78.48197154462443,10,2017,NA
STOP WITH SEARCH OR FRISK,Narcotics Investigation,13,B,38.025539954239775,-78.49714763552483,13,2017,NA
STOP WITH SEARCH OR FRISK,Traffic Accident,12,B,38.020358685089136,-78.4911719825079,12,2017,NA
STOP WITH SEARCH OR FRISK,Narcotics Investigation,05,B,38.036398954443676,-78.49355303515378,05,2017,NA
Search WITHOUT Stop-Frisk,Suspicious Circumstances,21,B,38.025774973722115,-78.49449564245427,21,2017,NA
STOP WITH SEARCH OR FRISK,Narcotics Investigation,16,W,38.046871031485175,-78.50348713425954,16,2017,NA
STOP WITH SEARCH OR FRISK,Disorder,02,B,38.03218603246311,-78.48426417687686,02,2017,NA
STOP WITH SEARCH OR FRISK,Disorder,02,B,38.03189836025317,-78.48430004997628,02,2017,NA
Search WITHOUT Stop-Frisk,Assault,21,B,38.02228134706483,-78.4972273947639,21,2017,NA
STOP WITH SEARCH OR FRISK,Narcotics Investigation,02,W,38.03259372988694,-78.48051420949484,02,2017,NA
STOP WITH SEARCH OR FRISK,Disorder,01,B,38.02983643214107,-78.47986553959547,01,2017,NA
STOP WITH SEARCH OR FRISK,Narcotics Investigation,10,B,38.020198873935954,-78.48304011296607,10,2017,NA
Search WITHOUT Stop-Frisk,No,11,B,38.02618195428222,-78.4819461179738,11,2017,NA
STOP WITH SEARCH OR FRISK,Narcotics Investigation,02,W,38.02959798564533,-78.48131995680153,02,2017,NA
STOP WITH SEARCH OR FRISK,Narcotics Investigation,06,B,38.03707507878286,-78.48376622601492,06,2017,NA
STOP WITH SEARCH OR FRISK,Narcotics Investigation,12,B,38.02516024952133,-78.48260162025825,12,2017,NA
STOP WITH SEARCH OR FRISK,Narcotics Investigation,12,W,38.0213842791915,-78.49334485736247,12,2017,NA
Search WITHOUT Stop-Frisk,Assault - Simple,17,B,38.04074280565579,-78.48222020437467,17,2017,NA
STOP WITH SEARCH OR FRISK,Trespass,02,B,38.02960594333468,-78.48410761121549,02,2017,NA
STOP WITH SEARCH OR FRISK,Disorder,33,W,38.01682793092954,-78.50357091592511,33,2017,NA
STOP WITH SEARCH OR FRISK,Narcotics Investigation,03,B,38.03106424989905,-78.48918823779302,03,2017,NA
STOP WITH SEARCH OR FRISK,Narcotics Investigation,33,B,38.01329228713897,-78.50337667888638,33,2017,NA
Search WITHOUT Stop-Frisk,Trespass,10,B,38.01901609281967,-78.47925743699781,10,2017,NA
STOP WITH SEARCH OR FRISK,Narcotics Investigation,10,B,38.01555336890421,-78.47207301812408,10,2017,NA
Search WITHOUT Stop-Frisk,Disorder,01,W,38.03032223920729,-78.4791886500177,01,2017,NA
STOP WITH SEARCH OR FRISK,Narcotics Investigation,13,B,38.027464432497666,-78.4990281491133,13,2017,NA
Search WITHOUT Stop-Frisk,Narcotics Investigation,16,W,38.04846804126296,-78.49984667922782,16,2017,NA
Search WITHOUT Stop-Frisk,Disorder,15,W,38.036840102916806,-78.50018630387358,15,2017,NA
STOP WITH SEARCH OR FRISK,Suspicious Circumstance,31,W,38.059909987050304,-78.49763634462946,31,2017,NA
STOP WITH SEARCH OR FRISK,Narcotics Investigation,21,W,38.0194450399585,-78.4983038936993,21,2017,NA
STOP WITH SEARCH OR FRISK,Narcotics Investigation,03,W,38.03462171327915,-78.49661423591533,03,2017,NA
STOP WITH SEARCH OR FRISK,Narcotics Investigation,06,W,38.040717854958004,-78.48488760045764,06,2017,NA
STOP WITH SEARCH OR FRISK,Narcotics Investigation,10,W,38.02025653008651,-78.47678069479798,10,2017,NA
STOP WITH SEARCH OR FRISK,Narcotics Investigation,05,B,38.03389799432464,-78.48649323057677,05,2017,NA
STOP WITH SEARCH OR FRISK,Narcotics Investigation,05,B,38.038039839557186,-78.4917974230907,05,2017,NA
STOP WITH SEARCH OR FRISK,Narcotics Investigation,12,B,38.02478102537707,-78.48350837648478,12,2017,NA
STOP WITH SEARCH OR FRISK,Suspicious Circumstance,01,B,38.02943765800649,-78.47905286552997,01,2017,NA
STOP WITH SEARCH OR FRISK,Narcotics Investigation,13,B,38.027929703683355,-78.5023147179979,13,2017,NA
STOP WITH SEARCH OR FRISK,Narcotics Investigation,13,B,38.02854056739315,-78.50387869870335,13,2017,NA
STOP WITH SEARCH OR FRISK,Shots Fired,11,B,38.0272537171615,-78.48216936439222,11,2017,NA
STOP WITH SEARCH OR FRISK,Narcotics Investigation,21,B,38.02101681900751,-78.49712263280175,21,2017,NA
STOP WITH SEARCH OR FRISK,Narcotics Investigation,10,W,38.02019861783618,-78.46800642084621,10,2017,NA
STOP WITH SEARCH OR FRISK,Disorder,28,W,38.0561940555205,-78.47689727113473,28,2017,NA
Search WITHOUT Stop-Frisk,Drunkeness,01,W,38.03042864065485,-78.4796018088586,01,2017,NA
STOP WITH SEARCH OR FRISK,Disorder,12,B,38.019428052532106,-78.48892372222538,12,2017,NA
STOP WITH SEARCH OR FRISK,Narcotics Investigation,12,B,38.01867197446095,-78.4896027746488,12,2017,NA
Search WITHOUT Stop-Frisk,Supsicious Circumstance,03,W,38.034482692501435,-78.49881077517078,03,2017,NA
STOP WITH SEARCH OR FRISK,Narcotics Investigation,12,B,38.0226943268972,-78.48684233158981,12,2017,NA
STOP WITH SEARCH OR FRISK,Narcotics Investigation,10,B,38.026012187607535,-78.47729428532962,10,2017,NA
STOP WITH SEARCH OR FRISK,Narcotics Investigation,03,W,38.03440034566826,-78.49767443742256,03,2017,NA
STOP WITH SEARCH OR FRISK,Narcotics Investigation,21,B,38.02577641545902,-78.49439854842817,21,2017,NA
STOP WITH SEARCH OR FRISK,Narcotics Investigation,21,W,38.025024571616356,-78.49381541968074,21,2017,NA
STOP WITH SEARCH OR FRISK,Narcotics Investigation,21,B,38.024617816010554,-78.49454841184651,21,2017,NA
STOP WITH SEARCH OR FRISK,Traffic Stop,12,B,38.018794689778765,-78.4876920650352,12,2017,NA
STOP WITH SEARCH OR FRISK,Narcotics Investigation,12,B,38.020702003591644,-78.48428360994706,12,2017,NA
Search WITHOUT Stop-Frisk,Assault -Simple,03,W,38.03088051284736,-78.49399905491347,03,2017,NA
STOP WITH SEARCH OR FRISK,Suspicious Circumstance,06,B,38.03717362618425,-78.48844754729016,06,2017,NA
STOP WITH SEARCH OR FRISK,Suspicious Circumstance,05,W,38.03539998575392,-78.49180462318603,05,2017,NA
STOP WITH SEARCH OR FRISK,Narcotics Investigation,12,B,38.01849205629952,-78.49293309878027,12,2017,NA
STOP WITH SEARCH OR FRISK,Narcotics Investigation,13,B,38.02837341339071,-78.49221772423122,13,2017,NA
STOP WITH SEARCH OR FRISK,Narcotics Investigation,10,W,38.017364982094506,-78.4711251054382,10,2017,NA
Search WITHOUT Stop-Frisk,Robbery,16,W,38.048263209912385,-78.49683840731163,16,2017,NA
Search WITHOUT Stop-Frisk,Disorder,12,B,38.02455337455602,-78.48990111782837,12,2017,NA
STOP WITH SEARCH OR FRISK,Narcotics Investigation,21,W,38.020264203973696,-78.49746530104319,21,2017,NA
STOP WITH SEARCH OR FRISK,Narcotics Investigation,03,B,38.031426530087465,-78.49253968334044,03,2017,NA
STOP WITH SEARCH OR FRISK,Narcotics Investigation,16,B,38.04367258195909,-78.49667524603213,16,2017,NA
Search WITHOUT Stop-Frisk,Suspicious Circumstances,22,W,38.0226889602299,-78.50310005694134,22,2017,NA
Search WITHOUT Stop-Frisk,Disorder,12,B,38.02068461563546,-78.48763345856263,12,2017,NA
STOP WITH SEARCH OR FRISK,Narcotics Investigation,10,B,38.01383147310809,-78.48276295325037,10,2017,NA
STOP WITH SEARCH OR FRISK,Narcotics Investigation,13,B,38.02729970972854,-78.48778282584742,13,2017,NA
STOP WITH SEARCH OR FRISK,Narcotics Investigation,03,B,38.03420982946799,-78.49898900952147,03,2017,NA
STOP WITH SEARCH OR FRISK,Narcotics Investigation,13,B,38.02755382298463,-78.50215050232418,13,2017,NA
STOP WITH SEARCH OR FRISK,Narcotics Investigation,02,W,38.03021416041907,-78.47492344839108,02,2017,NA
STOP WITH SEARCH OR FRISK,Traffic Violation,01,B,38.02942968722189,-78.47988169443784,01,2017,NA
STOP WITH SEARCH OR FRISK,Narcotics Investigation,21,W,38.02235324112805,-78.4940355597056,21,2017,NA
STOP WITH SEARCH OR FRISK,Narcotics Investigation,13,B,38.030417537329434,-78.49526577546592,13,2017,NA
STOP WITH SEARCH OR FRISK,Narcotics Investigation,13,B,38.030445883735986,-78.49389542054485,13,2017,NA
STOP WITH SEARCH OR FRISK,Narcotics Investigation,12,B,38.023695415432336,-78.48218162870101,12,2017,NA
Search WITHOUT Stop-Frisk,Assault - Simple,12,B,38.01915124167979,-78.4884085718942,12,2017,NA
STOP WITH SEARCH OR FRISK,Narcotics Investigation,21,W,38.02263344401136,-78.49598489581062,21,2017,NA
Search WITHOUT Stop-Frisk,Suspicious Circumstances,03,W,38.03326456753076,-78.49129457334656,03,2017,NA
Search WITHOUT Stop-Frisk,Disorder,31,B,38.063833712108256,-78.4952476051105,31,2017,NA
STOP WITH SEARCH OR FRISK,Narcotics Investigation,13,B,38.02831403467533,-78.50505855024032,13,2017,NA
Search WITHOUT Stop-Frisk,Narcotics Investigation,16,B,38.04439636688885,-78.4964088078364,16,2017,NA
STOP WITH SEARCH OR FRISK,Assist - Mental Health,03,W,38.03428104836557,-78.49762616401105,03,2017,NA
STOP WITH SEARCH OR FRISK,Narcotics Investigation,05,B,38.03689306370132,-78.48885455940302,05,2017,NA
STOP WITH SEARCH OR FRISK,Narcotics Investigation,12,B,38.01946590628406,-78.4926391486917,12,2017,NA
STOP WITH SEARCH OR FRISK,Narcotics Investigation,10,B,38.02253792533503,-78.47370740733712,10,2017,NA
STOP WITH SEARCH OR FRISK,Narcotics Investigation,02,B,38.031100162838456,-78.47928510244218,02,2017,NA
Search WITHOUT Stop-Frisk,Drunkeness,01,W,38.029577598920625,-78.4774548670793,01,2017,NA
STOP WITH SEARCH OR FRISK,Narcotics Investigation,03,B,38.03071754131729,-78.48883351110838,03,2017,NA
STOP WITH SEARCH OR FRISK,Narcotics Investigation,12,B,38.021267794816474,-78.4884692199501,12,2017,NA
STOP WITH SEARCH OR FRISK,Narcotics Investigation,13,B,38.028952003885784,-78.49035088626798,13,2017,NA
STOP WITH SEARCH OR FRISK,Narcotics Investigation,02,B,38.03095158036257,-78.47718858402655,02,2017,NA
Search WITHOUT Stop-Frisk,Suspicious Circumstances,03,B,38.03415697658474,-78.49544260137992,03,2017,NA
Search WITHOUT Stop-Frisk,Disorder,12,B,38.0280238535443,-78.48529662649864,12,2017,NA
STOP WITH SEARCH OR FRISK,Narcotics Investigation,05,B,38.03396317941584,-78.48948997857772,05,2017,NA
STOP WITH SEARCH OR FRISK,Narcotics Investigation,20,W,38.02319725644844,-78.45989699173008,20,2017,NA
STOP WITH SEARCH OR FRISK,Narcotics Investigation,20,B,38.0282452261899,-78.46521623944565,20,2017,NA
STOP WITH SEARCH OR FRISK,Narcotics Investigation,16,B,38.047236854999184,-78.49636935645006,16,2017,NA
STOP WITH SEARCH OR FRISK,Narcotics Investigation,20,W,38.02767080538958,-78.46465813497004,20,2017,NA
STOP WITH SEARCH OR FRISK,Narcotics Investigation,12,B,38.023623216137054,-78.49218508708113,12,2017,NA
Search WITHOUT Stop-Frisk,Drunkeness,03,B,38.033897097228326,-78.49544369934594,03,2017,NA
STOP WITH SEARCH OR FRISK,Narcotics Investigation,03,B,38.032694882974624,-78.49571875735326,03,2017,NA
STOP WITH SEARCH OR FRISK,Narcotics Investigation,03,B,38.032998575937256,-78.49031695374111,03,2017,NA
Search WITHOUT Stop-Frisk,Narcotics Investigation,05,B,38.035602402051474,-78.48748503619493,05,2017,NA
STOP WITH SEARCH OR FRISK,Narcotics Investigation,13,B,38.027235454079864,-78.5032824541819,13,2017,NA
STOP WITH SEARCH OR FRISK,Narcotics Investigation,16,B,38.04221248912726,-78.49538609022166,16,2017,NA
STOP WITH SEARCH OR FRISK,Narcotics Investigation,03,W,38.03209262302925,-78.49484345895705,03,2017,NA
STOP WITH SEARCH OR FRISK,Disorder,01,B,38.0311788692946,-78.4801131002779,01,2017,NA
Search WITHOUT Stop-Frisk,Trespass,10,B,38.023265724078904,-78.47635721030717,10,2017,NA
STOP WITH SEARCH OR FRISK,Narcotics Investigation,16,B,38.041375488230194,-78.5024801532556,16,2017,NA
Search WITHOUT Stop-Frisk,Robbery,16,B,38.03861291920056,-78.49957719634381,16,2017,NA
Search WITHOUT Stop-Frisk,Suspicious Circumstances,02,W,38.033331828643476,-78.48423537859651,02,2017,NA
STOP WITH SEARCH OR FRISK,Narcotics Investigation,02,B,38.03267483586559,-78.48450238802127,02,2017,NA
STOP WITH SEARCH OR FRISK,Narcotics Investigation,12,B,38.023249744183325,-78.48379293151454,12,2017,NA
STOP WITH SEARCH OR FRISK,Narcotics Investigation,16,B,38.05041681746544,-78.49981474794988,16,2017,NA
STOP WITH SEARCH OR FRISK,Assault - Intimidation,18,B,38.04843863113019,-78.45074189422273,18,2017,NA
STOP WITH SEARCH OR FRISK,Narcotics Investigation,02,W,38.03324906181613,-78.48551236109208,02,2017,NA
STOP WITH SEARCH OR FRISK,Narcotics Investigation,13,B,38.02956613473452,-78.49182729445818,13,2017,NA
STOP WITH SEARCH OR FRISK,Traffic Stop,12,B,38.02733828285468,-78.48512931229565,12,2017,NA
Search WITHOUT Stop-Frisk,Suspicious Circumstances,02,W,38.032326418542475,-78.4807109421242,02,2017,NA
STOP WITH SEARCH OR FRISK,Narcotics Investigation,12,B,38.024104320710485,-78.48785260595126,12,2017,NA
STOP WITH SEARCH OR FRISK,Narcotics Investigation,12,W,38.025944927804,-78.48378593996229,12,2017,NA
STOP WITH SEARCH OR FRISK,Narcotics Investigation,12,B,38.01920601701212,-78.49108381331065,12,2017,NA
Search WITHOUT Stop-Frisk,Assault -Simple,03,W,38.030965170270825,-78.49400152366725,03,2017,NA
STOP WITH SEARCH OR FRISK,Narcotics Investigation,10,B,38.01399876550821,-78.47927060518604,10,2017,NA
Search WITHOUT Stop-Frisk,Suspicious Circumstances,02,B,38.032806415718966,-78.48303383247335,02,2017,NA
STOP WITH SEARCH OR FRISK,Narcotics Investigation,12,B,38.0243414266188,-78.48293675156401,12,2017,NA
STOP WITH SEARCH OR FRISK,Narcotics Investigation,12,B,38.02791385164392,-78.48561189282923,12,2017,NA
STOP WITH SEARCH OR FRISK,Narcotics Investigation,12,B,38.019057327145354,-78.48871797044804,12,2017,NA
STOP WITH SEARCH OR FRISK,Narcotics Investigation,16,B,38.04033518369401,-78.50070876032977,16,2017,NA
STOP WITH SEARCH OR FRISK,Narcotics Investigation,02,B,38.030408783086365,-78.47615346100703,02,2017,NA
STOP WITH SEARCH OR FRISK,Narcotics Investigation,12,W,38.019523658821754,-78.48873212467008,12,2017,NA
STOP WITH SEARCH OR FRISK,Weapons Law Violation,03,B,38.03155202897693,-78.49181267529268,03,2017,NA
STOP WITH SEARCH OR FRISK,Narcotics Investigation,12,B,38.020405582271664,-78.49186379689127,12,2017,NA
STOP WITH SEARCH OR FRISK,Trespass,12,B,38.02713250849731,-78.48287702421389,12,2017,NA
STOP WITH SEARCH OR FRISK,Narcotics Investigation,10,W,38.01983380875679,-78.4662218233144,10,2017,NA
STOP WITH SEARCH OR FRISK,Narcotics Investigation,13,B,38.02657290053204,-78.50423134471343,13,2017,NA
STOP WITH SEARCH OR FRISK,Narcotics Investigation,11,W,38.02802061552243,-78.47929415800446,11,2017,NA
STOP WITH SEARCH OR FRISK,Narcotics Investigation,20,W,38.023624235084476,-78.46415617193131,20,2017,NA
STOP WITH SEARCH OR FRISK,Narcotics Investigation,20,B,38.02498379323201,-78.45713325904514,20,2017,NA
STOP WITH SEARCH OR FRISK,Narcotics Investigation,12,B,38.01613952763526,-78.4933703191145,12,2017,NA
STOP WITH SEARCH OR FRISK,Narcotics Investigation,12,B,38.0182437115171,-78.49181673480423,12,2017,NA
STOP WITH SEARCH OR FRISK,Narcotics Investigation,13,B,38.02918662583278,-78.50192089237514,13,2017,NA
STOP WITH SEARCH OR FRISK,Disorder,14,B,38.030436325068585,-78.50747757167355,14,2017,NA
STOP WITH SEARCH OR FRISK,Shots Fired,20,B,38.025422555772764,-78.45777762331953,20,2016,08
STOP WITH SEARCH OR FRISK,Disorder,32,B,38.01285257468857,-78.50149529092627,32,2016,02
STOP WITH SEARCH OR FRISK,Weapon Law Offense,03,B,38.03247692056195,-78.49522567288143,03,2016,07
STOP WITH SEARCH OR FRISK,Narcotics Investigation,03,W,38.03273878150958,-78.49871770712613,03,2016,02
STOP WITH SEARCH OR FRISK,Shots Fired,02,B,38.032645198942895,-78.4807760521297,02,2016,03
STOP WITH SEARCH OR FRISK,Narcotics Investigation,25,B,38.054818158891514,-78.50707196565918,25,2016,10
STOP WITH SEARCH OR FRISK,Shots Fired,21,B,38.02276908682874,-78.49417455959978,21,2016,03
STOP WITH SEARCH OR FRISK,Shots Fired,17,B,38.04337322287497,-78.49253296830777,17,2016,03
STOP WITH SEARCH OR FRISK,Narcotics Investigation,21,B,38.02504937245872,-78.49159855533249,21,2016,01
STOP WITH SEARCH OR FRISK,Narcotics Investigation,11,W,38.02873456770038,-78.4854688427694,11,2016,01
STOP WITH SEARCH OR FRISK,Narcotics Investigation,12,B,38.02029841549081,-78.4945095810634,12,2016,09
STOP WITH SEARCH OR FRISK,Larceny,01,B,38.03054332778713,-78.48258732068945,01,2016,06
STOP WITH SEARCH OR FRISK,Narcotics Investigation,12,W,38.01814494393214,-78.493631616993,12,2016,09
STOP WITH SEARCH OR FRISK,Narcotics Investigation,21,B,38.02172985130895,-78.49592656351616,21,2016,01
Search WITHOUT Stop-Frisk,Suspicious Circumstances,10,B,38.021261720145056,-78.47986752698631,10,2016,07
Search WITHOUT Stop-Frisk,Suspicious Circumstances,32,B,38.01141826805039,-78.50332317918351,32,2016,01
STOP WITH SEARCH OR FRISK,Warrant Service,04,B,38.03325779034301,-78.4909183873258,04,2016,07
STOP WITH SEARCH OR FRISK,Narcotics Investigation,15,W,38.036008007548084,-78.50053351491181,15,2016,06
STOP WITH SEARCH OR FRISK,Narcotics Investigation,11,W,38.02657354699097,-78.4813550622432,11,2016,01
STOP WITH SEARCH OR FRISK,Assault - Simple,20,B,38.02826486401783,-78.45472262628577,20,2016,07
STOP WITH SEARCH OR FRISK,Robbery,16,B,38.04349413770912,-78.50187055413639,16,2016,09
Search WITHOUT Stop-Frisk,Shots Fired,10,B,38.013635140037984,-78.47012320376516,10,2016,06
Search WITHOUT Stop-Frisk,Suspicious Circumstances,32,B,38.014329799068925,-78.49821663711342,32,2016,01
Search WITHOUT Stop-Frisk,Suspicious Circumstances,13,B,38.027824538196306,-78.49727164424162,13,2016,06
STOP WITH SEARCH OR FRISK,Narcotics Investigation,11,W,38.0277100993996,-78.48078902557252,11,2016,01
STOP WITH SEARCH OR FRISK,Shots Fired,21,B,38.02470112641536,-78.49258213681104,21,2016,03
Search WITHOUT Stop-Frisk,Suspicious Circumstances,13,B,38.02723455436863,-78.50043742986374,13,2016,06
STOP WITH SEARCH OR FRISK,Narcotics Investigation,32,B,38.0110122646058,-78.50466187666561,32,2016,04
STOP WITH SEARCH OR FRISK,Narcotics Investigation,06,W,38.04196380832276,-78.47895114055277,06,2016,01
Search WITHOUT Stop-Frisk,Suspicious Circumstances,10,B,38.01595780242759,-78.46917375569535,10,2016,07
STOP WITH SEARCH OR FRISK,Disorder,32,B,38.01602932420286,-78.49610031816252,32,2016,02
STOP WITH SEARCH OR FRISK,Shots Fired,12,B,38.017078512582216,-78.48799311078209,12,2016,06
STOP WITH SEARCH OR FRISK,Assault - Intimidation,01,B,38.03071294737447,-78.48379204128231,01,2016,06
STOP WITH SEARCH OR FRISK,Trespass,16,B,38.03873004902152,-78.4993592082001,16,2016,06
STOP WITH SEARCH OR FRISK,Weapon Law Offense,03,B,38.032872512097036,-78.48956895409975,03,2016,07
STOP WITH SEARCH OR FRISK,Robbery,16,B,38.03944027360252,-78.49677991179689,16,2016,09
STOP WITH SEARCH OR FRISK,Narcotics Investigation,03,W,38.03258994476535,-78.48723211346551,03,2016,02
STOP WITH SEARCH OR FRISK,Narcotics Investigation,07,W,38.04056462545421,-78.47609016862012,07,2016,05
Search WITHOUT Stop-Frisk,Suspicious Circumstances,13,B,38.03089773291082,-78.49056358282294,13,2016,06
STOP WITH SEARCH OR FRISK,Narcotics Investigation,10,W,38.02010716808666,-78.47948067606387,10,2016,01
STOP WITH SEARCH OR FRISK,Narcotics Investigation,21,B,38.024194978749776,-78.49428115353655,21,2016,01
STOP WITH SEARCH OR FRISK,Narcotics Investigation,28,B,38.059769953069924,-78.4738771414838,28,2016,07
STOP WITH SEARCH OR FRISK,Suspicious Circumstance,20,W,38.02290758099511,-78.46469989207587,20,2016,01
Search WITHOUT Stop-Frisk,Disorder,11,B,38.026951985379426,-78.47971398923755,11,2016,03
STOP WITH SEARCH OR FRISK,Narcotics Investigation,04,B,38.03442017714805,-78.49191730172288,04,2016,01
Search WITHOUT Stop-Frisk,Suspicious Circumstances,13,B,38.02804311583031,-78.49842426973001,13,2016,06
STOP WITH SEARCH OR FRISK,Suspicious,15,W,38.03583047107633,-78.50009584081165,15,2016,06
STOP WITH SEARCH OR FRISK,Narcotics Investigation,12,B,38.02135484442022,-78.49320115890283,12,2016,09
STOP WITH SEARCH OR FRISK,Narcotics Investigation,12,B,38.01661380087962,-78.4871090566513,12,2016,03
Search WITHOUT Stop-Frisk,Supsicious Circumstance,21,B,38.02115625838447,-78.49536368960432,21,2016,04
STOP WITH SEARCH OR FRISK,Assault - Aggravated,08,B,38.03690304106002,-78.46403417115519,08,2016,10
STOP WITH SEARCH OR FRISK,Narcotics Investigation,02,B,38.029343522072246,-78.4837146278955,02,2016,05
Search WITHOUT Stop-Frisk,Suspicious Circumstances,10,B,38.02153198674322,-78.46626264560085,10,2016,07
STOP WITH SEARCH OR FRISK,Narcotics Investigation,13,B,38.02513262069504,-78.50307688972622,13,2016,03
STOP WITH SEARCH OR FRISK,Narcotics Investigation,03,W,38.035721162330034,-78.49601180893752,03,2016,02
STOP WITH SEARCH OR FRISK,Disorder,02,B,38.03229729106238,-78.47924927362855,02,2016,01
STOP WITH SEARCH OR FRISK,Narcotics Investigation,16,B,38.04804253988788,-78.49914303780706,16,2016,05
STOP WITH SEARCH OR FRISK,Robbery,16,B,38.04348588431041,-78.50299371031146,16,2016,09
STOP WITH SEARCH OR FRISK,Shots Fired,21,B,38.02469258495191,-78.49606866310931,21,2016,03
Search WITHOUT Stop-Frisk,Supsicious Circumstance,01,W,38.03068076425673,-78.48126025821182,01,2016,03
STOP WITH SEARCH OR FRISK,Narcotics Investigation,28,B,38.06015632756864,-78.4738091648757,28,2016,07
STOP WITH SEARCH OR FRISK,Shots Fired,02,B,38.03103234171137,-78.48523966698984,02,2016,03
Search WITHOUT Stop-Frisk,Supsicious Circumstance,01,W,38.030944792032464,-78.48247099648934,01,2016,03
STOP WITH SEARCH OR FRISK,Shots Fired,21,B,38.021188539284196,-78.49698208208326,21,2016,03
Search WITHOUT Stop-Frisk,Shots Fired,12,B,38.02637245521095,-78.48354749056736,12,2016,07
Search WITHOUT Stop-Frisk,Larceny,02,B,38.03207025525674,-78.48513724276071,02,2016,06
STOP WITH SEARCH OR FRISK,Shots Fired,12,B,38.018723681212954,-78.48574974944806,12,2016,06
STOP WITH SEARCH OR FRISK,Trespass,16,W,38.04384899341148,-78.50077193798296,16,2016,10
STOP WITH SEARCH OR FRISK,Narcotics Investigation,03,W,38.03094185765079,-78.49282830386771,03,2016,10
Search WITHOUT Stop-Frisk,Suspicious Circumstances,32,B,38.014506964963914,-78.49636329121107,32,2016,01
STOP WITH SEARCH OR FRISK,Narcotics Investigation,13,W,38.027228336614016,-78.48738751353932,13,2016,03
Search WITHOUT Stop-Frisk,Suspicious Circumstances,32,B,38.013416086534825,-78.50091391885661,32,2016,01
STOP WITH SEARCH OR FRISK,Shots Fired,02,W,38.0334109074876,-78.48457263612521,02,2016,03
STOP WITH SEARCH OR FRISK,Narcotics Investigation,11,B,38.02577297474282,-78.48071745158042,11,2016,01
Search WITHOUT Stop-Frisk,Suspicious Circumstances,10,B,38.01527886389538,-78.48089718104256,10,2016,07
STOP WITH SEARCH OR FRISK,Narcotics Investigation,07,W,38.03882705413091,-78.46846698518358,07,2016,05
STOP WITH SEARCH OR FRISK,Narcotics Investigation,27,W,38.05221345167022,-78.4873067047347,27,2016,04
STOP WITH SEARCH OR FRISK,Narcotics Investigation,10,B,38.024439134323615,-78.4763336101752,10,2016,03
STOP WITH SEARCH OR FRISK,Narcotics Investigation,02,B,38.029810044847764,-78.4844363908377,02,2016,09
Search WITHOUT Stop-Frisk,Suspicious Circumstances,13,B,38.027385272656225,-78.49111849074663,13,2016,07
STOP WITH SEARCH OR FRISK,Suspicious Circumstance,11,B,38.025350572290925,-78.48094702087418,11,2016,06
Search WITHOUT Stop-Frisk,Assist Agency,14,B,38.02814791095742,-78.51619384468657,14,2016,05
STOP WITH SEARCH OR FRISK,Disorder,02,B,38.03086466993209,-78.4746050341691,02,2016,05
Search WITHOUT Stop-Frisk,Trespass,06,B,38.04442195532398,-78.47780703815728,06,2016,08
STOP WITH SEARCH OR FRISK,Weapon Law Offense,01,B,38.03061322807091,-78.48096535410927,01,2016,02
Search WITHOUT Stop-Frisk,Disorder,11,B,38.02606492045764,-78.48139097148209,11,2016,03
Search WITHOUT Stop-Frisk,Drunkeness,01,W,38.03061593074348,-78.47857485506381,01,2016,08
STOP WITH SEARCH OR FRISK,Disorder,32,B,38.01637129473162,-78.49576624333311,32,2016,02
STOP WITH SEARCH OR FRISK,Narcotics Investigation,16,B,38.04396583082313,-78.5045641205566,16,2016,05
Search WITHOUT Stop-Frisk,Suspicious Circumstances,32,B,38.011531316860385,-78.50198931809842,32,2016,01
STOP WITH SEARCH OR FRISK,Suspicious Circumstance,16,B,38.04177016273906,-78.49841083513793,16,2016,07
Search WITHOUT Stop-Frisk,Disorder,02,B,38.033099784580806,-78.48532602893982,02,2016,05
STOP WITH SEARCH OR FRISK,Narcotics Investigation,25,B,38.04816211777108,-78.50600288303197,25,2016,10
STOP WITH SEARCH OR FRISK,Traffic Stop,24,B,38.03928274416543,-78.5082686849164,24,2016,05
STOP WITH SEARCH OR FRISK,Shots Fired,21,B,38.024491900122456,-78.49391277752252,21,2016,03
Search WITHOUT Stop-Frisk,Assault - Intimidation,01,B,38.02969586813423,-78.48040343591094,01,2016,07
STOP WITH SEARCH OR FRISK,Trespass,22,B,38.02239290904685,-78.50462908539969,22,2012,10
STOP WITH SEARCH OR FRISK,Mo Mohr Transport,01,B,38.03002816546976,-78.47667448564582,01,2012,08
Search WITHOUT Stop-Frisk,Disorder,18,B,38.05185025218736,-78.44989615059085,18,2014,01
STOP WITH SEARCH OR FRISK,VANDALISM,16,W,38.04832475035961,-78.49726980553599,16,2012,10
Search WITHOUT Stop-Frisk,Assault,02,B,38.03070673290116,-78.48634649668256,02,2012,09
Search WITHOUT Stop-Frisk,Assault,04,B,38.034346564265746,-78.49114601858923,04,2012,11
STOP WITH SEARCH OR FRISK,Traffic Stop,13,B,38.02627561019744,-78.49311854446601,13,2012,09
Search WITHOUT Stop-Frisk,Disorder,15,B,38.036737167980064,-78.50048495226683,15,2014,02
STOP WITH SEARCH OR FRISK,Traffic Stop,21,B,38.02167145591964,-78.49414007000435,21,2013,09
STOP WITH SEARCH OR FRISK,Traffic Stop,02,W,38.03064782391197,-78.47471325851772,02,2013,08
Search WITHOUT Stop-Frisk,Liquor Law Violation,01,W,38.0305221903197,-78.47974408763382,01,2012,11
STOP WITH SEARCH OR FRISK,DIP,16,W,38.045874246924555,-78.49793661424593,16,2012,07
Search WITHOUT Stop-Frisk,Assault,02,B,38.03269113804591,-78.48049645719594,02,2013,07
Search WITHOUT Stop-Frisk,Disorder,27,B,38.05555102732896,-78.48674633745614,27,2013,12
STOP WITH SEARCH OR FRISK,Traffic Stop,33,B,38.01463840498978,-78.50512857629052,33,2013,03
Search WITHOUT Stop-Frisk,Trespass,11,B,38.02844679986364,-78.48339751080267,11,2012,09
Search WITHOUT Stop-Frisk,Suspicious,11,B,38.02776511156074,-78.48038569369197,11,2012,11
STOP WITH SEARCH OR FRISK,Traffic Stop,12,B,38.022161828844595,-78.48796938332181,12,2012,11
STOP WITH SEARCH OR FRISK,Suspicious,23,W,38.02069687426382,-78.51052570353706,23,2012,10
STOP WITH SEARCH OR FRISK,Warrant Service,33,B,38.0120456599818,-78.50416046664009,33,2012,11
Search WITHOUT Stop-Frisk,Disorder,04,B,38.03348532124371,-78.49097201724275,04,2012,11
Search WITHOUT Stop-Frisk,Suspicious,06,B,38.03962057577945,-78.48374710562008,06,2013,10
Search WITHOUT Stop-Frisk,Trespass,10,B,38.01985956991296,-78.48209598565508,10,2012,08
Search WITHOUT Stop-Frisk,Disorder,16,B,38.04409398826225,-78.4955923404611,16,2013,07
STOP WITH SEARCH OR FRISK,Narcotic Investigation,01,B,38.02978738482754,-78.47771815955676,01,2012,07
STOP WITH SEARCH OR FRISK,Suspicious,16,W,38.040126475706614,-78.50111381342401,16,2013,06
STOP WITH SEARCH OR FRISK,Traffic Stop,10,B,38.012270449601,-78.48219647786436,10,2012,11
Search WITHOUT Stop-Frisk,Disorder,16,W,38.04645662853448,-78.49890348567772,16,2012,08
Search WITHOUT Stop-Frisk,Larceny,16,B,38.04968394546201,-78.50048829724051,16,2013,07
STOP WITH SEARCH OR FRISK,Trespass,10,B,38.01965405935503,-78.48333496143277,10,2012,08
Search WITHOUT Stop-Frisk,Mo Mohr Transport,15,B,38.03479589290623,-78.49999247816827,15,2012,08
STOP WITH SEARCH OR FRISK,Weapons Law Violation,04,B,38.03470524169866,-78.49244580396724,04,2012,10
STOP WITH SEARCH OR FRISK,Suspicious,10,B,38.017802138861605,-78.4745027262293,10,2012,10
Search WITHOUT Stop-Frisk,Disorder,01,W,38.03008951133087,-78.47901844622947,01,2013,08
STOP WITH SEARCH OR FRISK,Narcotic Investigation,01,B,38.03144814180082,-78.48156394314108,01,2012,08
STOP WITH SEARCH OR FRISK,Narcotic Investigation,13,B,38.0290000281385,-78.50137296212898,13,2014,02
STOP WITH SEARCH OR FRISK,Disorder,01,B,38.03013143552916,-78.4794230748631,01,2012,10
STOP WITH SEARCH OR FRISK,Narcotic Investigation,10,W,38.02715207351557,-78.47312890195114,10,2012,09
STOP WITH SEARCH OR FRISK,Disorder,11,B,38.02677906125604,-78.48169223505725,11,2013,08
Search WITHOUT Stop-Frisk,Disorder,03,B,38.03368000509336,-78.49280920214117,03,2013,07
Search WITHOUT Stop-Frisk,Suspicious,04,B,38.03376880941729,-78.49184212924932,04,2013,01
Search WITHOUT Stop-Frisk,Disorder,01,W,38.0301523592092,-78.48146128399225,01,2013,04
Search WITHOUT Stop-Frisk,Trespass,22,B,38.0179805782635,-78.49864866963638,22,2012,08
STOP WITH SEARCH OR FRISK,Traffic Stop,13,W,38.029444252302255,-78.49694173034588,13,2012,08
STOP WITH SEARCH OR FRISK,Warrant Service,33,B,38.01577223690865,-78.49938951129043,33,2012,11
Search WITHOUT Stop-Frisk,Liquor Law Violation,01,W,38.029225645876096,-78.47874626582673,01,2012,11
Search WITHOUT Stop-Frisk,Disorder,03,B,38.0311600228097,-78.48732978601116,03,2013,07
STOP WITH SEARCH OR FRISK,Suspicious,12,W,38.0224240996063,-78.48718294642065,12,2013,11
STOP WITH SEARCH OR FRISK,Traffic Stop,13,B,38.029194136239475,-78.494782338786,13,2013,06
STOP WITH SEARCH OR FRISK,Suspicious,06,B,38.04169279592108,-78.49167515382226,06,2012,12
STOP WITH SEARCH OR FRISK,Suspicious,21,B,38.02229239517495,-78.49676398616144,21,2014,05
Search WITHOUT Stop-Frisk,Disorder,03,B,38.03312135142974,-78.48862250915013,03,2013,07
STOP WITH SEARCH OR FRISK,Narcotic Investigation,02,W,38.0317803172726,-78.47743902791505,02,2012,10
STOP WITH SEARCH OR FRISK,Suspicious,06,W,38.04220302456857,-78.47780365300008,06,2012,12
Search WITHOUT Stop-Frisk,Assist Agency,02,W,38.031947252251676,-78.4816362514149,02,2012,10
Search WITHOUT Stop-Frisk,Assault,03,B,38.032807539573184,-78.49803909859666,03,2012,09
Search WITHOUT Stop-Frisk,Suspicious,16,B,38.04924725890888,-78.497158603402,16,2013,12
Search WITHOUT Stop-Frisk,Liquor Law Violation,11,B,38.02739664902416,-78.48241132484819,11,2014,06
Search WITHOUT Stop-Frisk,Trespass,10,B,38.025913176935475,-78.47798262615692,10,2012,08
STOP WITH SEARCH OR FRISK,Narcotic Investigation,01,W,38.030245720893554,-78.48205708866965,01,2012,08
Search WITHOUT Stop-Frisk,Assault,02,B,38.02896993481781,-78.48085406653038,02,2013,07
STOP WITH SEARCH OR FRISK,Weapons Law Violation,12,B,38.021418471748774,-78.48831326869677,12,2013,08
Search WITHOUT Stop-Frisk,Assault,03,B,38.0328884039472,-78.49862951033722,03,2012,09
Search WITHOUT Stop-Frisk,Assault,03,B,38.032693920009336,-78.4903399474366,03,2012,09
Search WITHOUT Stop-Frisk,Suspicious,03,B,38.03101050934762,-78.49314864289606,03,2012,11
Search WITHOUT Stop-Frisk,Suspicious,01,B,38.03001540758435,-78.48065374011232,01,2012,09
STOP WITH SEARCH OR FRISK,Traffic Stop,06,B,38.04078042116223,-78.48329605471221,06,2013,09
STOP WITH SEARCH OR FRISK,Assist Agency,02,W,38.02991320373325,-78.48423465535774,02,2013,07
STOP WITH SEARCH OR FRISK,Warrant Service,01,W,38.02950540347978,-78.47872242012119,01,2013,02
STOP WITH SEARCH OR FRISK,Disorder,11,B,38.02795977094662,-78.4786270817929,11,2013,08
STOP WITH SEARCH OR FRISK,Trespass,04,B,38.034346284704554,-78.49224043881324,04,2013,06
STOP WITH SEARCH OR FRISK,Traffic Stop,13,B,38.030550308105035,-78.49632067986101,13,2012,09
STOP WITH SEARCH OR FRISK,Narcotic Investigation,10,W,38.020827816504486,-78.47995146328134,10,2013,06
STOP WITH SEARCH OR FRISK,Narcotic Investigation,12,B,38.01972541184256,-78.49344488756554,12,2013,06
Search WITHOUT Stop-Frisk,Assault,01,W,38.031238608122386,-78.4821959627936,01,2012,08
STOP WITH SEARCH OR FRISK,Assault,16,W,38.03695440537999,-78.50163517197055,16,2013,07
STOP WITH SEARCH OR FRISK,INDECENT EXPOSURE,01,B,38.03068851293658,-78.48256551048733,01,2012,08
Search WITHOUT Stop-Frisk,Liquor Law Violation,15,B,38.034808813957724,-78.4995955785169,15,2012,08
Search WITHOUT Stop-Frisk,Disorder,10,B,38.022942112122294,-78.472810180072,10,2013,11
Search WITHOUT Stop-Frisk,Disorder,33,B,38.01155969206563,-78.50652813597873,33,2012,10
Search WITHOUT Stop-Frisk,Suspicious,01,B,38.030999359051314,-78.48279693750676,01,2012,09
STOP WITH SEARCH OR FRISK,Disorder,11,B,38.02914150491126,-78.48160923313816,11,2013,08
STOP WITH SEARCH OR FRISK,Disorder,01,W,38.029121392087085,-78.47720883067252,01,2013,05
Search WITHOUT Stop-Frisk,Suspicious,12,B,38.02196752282336,-78.48408126926468,12,2014,05
STOP WITH SEARCH OR FRISK,Traffic Stop,06,B,38.04070245971782,-78.4779513615213,06,2012,12
STOP WITH SEARCH OR FRISK,Traffic Stop,10,B,38.0187585645624,-78.48282275260257,10,2014,06
Search WITHOUT Stop-Frisk,Suspicious,14,B,38.02851450315401,-78.51393581478587,14,2014,04
Search WITHOUT Stop-Frisk,Liquor Law Violation,10,W,38.02178397508738,-78.47838129397842,10,2012,08
STOP WITH SEARCH OR FRISK,Narcotic Investigation,10,B,38.02398295432853,-78.47334762080885,10,2013,03
Search WITHOUT Stop-Frisk,Trespass,08,W,38.03626045158059,-78.46992332323778,08,2012,08
Search WITHOUT Stop-Frisk,Disorder,16,B,38.03788417849916,-78.50320899331842,16,2013,07
STOP WITH SEARCH OR FRISK,Narcotic Investigation,10,W,38.016262383809014,-78.474682517083,10,2013,06
STOP WITH SEARCH OR FRISK,Traffic Stop,10,B,38.02224365883774,-78.47759725333827,10,2012,08
STOP WITH SEARCH OR FRISK,Traffic Stop,10,B,38.02827064538391,-78.47653592661523,10,2014,03
STOP WITH SEARCH OR FRISK,Suspicious,06,B,38.037466243704664,-78.48065830206606,06,2012,12
STOP WITH SEARCH OR FRISK,Trespass,13,B,38.027483828136084,-78.48696434182125,13,2014,06
STOP WITH SEARCH OR FRISK,Traffic Stop,10,B,38.015957132391684,-78.47301106363733,10,2014,02
STOP WITH SEARCH OR FRISK,Traffic Stop,06,B,38.038416105384385,-78.48478696378984,06,2014,03
Search WITHOUT Stop-Frisk,Suspicious,02,B,38.031042381005,-78.47942500563501,02,2012,08
STOP WITH SEARCH OR FRISK,Traffic Stop,13,B,38.02865319301102,-78.50212464437735,13,2013,06
STOP WITH SEARCH OR FRISK,Traffic Stop,14,B,38.031720237262086,-78.50539824773882,14,2014,04
Search WITHOUT Stop-Frisk,Disorder,01,W,38.03038106128109,-78.48138249688556,01,2013,04
Search WITHOUT Stop-Frisk,Suspicious,03,W,38.03212365173906,-78.49112463455063,03,2012,09
Search WITHOUT Stop-Frisk,Disorder,16,B,38.036127484932194,-78.49696493244247,16,2012,08
STOP WITH SEARCH OR FRISK,Traffic Stop,06,B,38.03696206839151,-78.48279909682437,06,2012,12
Search WITHOUT Stop-Frisk,Liquor Law Violation,15,B,38.03744937229253,-78.50057016001469,15,2012,08
STOP WITH SEARCH OR FRISK,Weapons Law Violation,02,B,38.03042137780961,-78.48671332447087,02,2013,08
Search WITHOUT Stop-Frisk,PURSE SNATCHING,03,W,38.03262821267228,-78.49605882253702,03,2012,08
STOP WITH SEARCH OR FRISK,Traffic Stop,13,W,38.02653685709883,-78.4966692990833,13,2012,09
STOP WITH SEARCH OR FRISK,Disorder,11,B,38.028937022563426,-78.4858181760667,11,2013,08
STOP WITH SEARCH OR FRISK,Disorder,16,W,38.0433455781778,-78.50000133373908,16,2014,04
STOP WITH SEARCH OR FRISK,Traffic Stop,13,W,38.02680449284553,-78.49404486314604,13,2012,09
Search WITHOUT Stop-Frisk,Assault,02,B,38.03040016870562,-78.48469879080865,02,2013,07
Search WITHOUT Stop-Frisk,Liquor Law Violation,10,W,38.02771079727351,-78.47688352036177,10,2012,08
STOP WITH SEARCH OR FRISK,Trespass,07,W,38.03708795287789,-78.48093845973825,07,2013,05
STOP WITH SEARCH OR FRISK,VANDALISM,16,W,38.04325629624214,-78.49881183250373,16,2012,10
Search WITHOUT Stop-Frisk,Assault,03,B,38.034224037980046,-78.49746113708774,03,2012,09
STOP WITH SEARCH OR FRISK,Trespass,06,B,38.04000352673798,-78.4787971361905,06,2012,10
STOP WITH SEARCH OR FRISK,Suspicious,03,B,38.03261846460635,-78.49519832543015,03,2013,07
STOP WITH SEARCH OR FRISK,Disorder,02,B,38.03161907339751,-78.48411268696921,02,2013,03
STOP WITH SEARCH OR FRISK,Mo Mohr Transport,01,B,38.02907707550655,-78.4761150272989,01,2012,08
STOP WITH SEARCH OR FRISK,Narcotic Investigation,12,B,38.02475233256459,-78.4886141150113,12,2013,06
Search WITHOUT Stop-Frisk,Suspicious,01,B,38.030403477820684,-78.47882936659087,01,2012,10
Search WITHOUT Stop-Frisk,VANDALISM,09,W,38.026622376565136,-78.47115292017175,09,2012,08
STOP WITH SEARCH OR FRISK,Narcotic Investigation,04,W,38.03406858879801,-78.49259835175569,04,2012,12
STOP WITH SEARCH OR FRISK,Suspicious,01,B,38.03046049986758,-78.48028788446,01,2013,07
STOP WITH SEARCH OR FRISK,Liquor Law Violation,11,B,38.027358431073736,-78.48142994564253,11,2013,10
Search WITHOUT Stop-Frisk,Trespass,11,W,38.028572595606704,-78.48459393029354,11,2012,09
STOP WITH SEARCH OR FRISK,Larceny,02,W,38.029198030044675,-78.48009370611746,02,2012,09
Search WITHOUT Stop-Frisk,Suspicious,17,B,38.04488715118101,-78.48264882462664,17,2014,01
STOP WITH SEARCH OR FRISK,Traffic Stop,27,B,38.05068984656808,-78.48734148009692,27,2013,12
Search WITHOUT Stop-Frisk,Disorder,03,B,38.031781165047505,-78.48645650585006,03,2013,07
Search WITHOUT Stop-Frisk,Traffic Stop,04,B,38.03416549156886,-78.4911382196974,04,2013,12
STOP WITH SEARCH OR FRISK,Narcotic Investigation,13,B,38.02635199966712,-78.48960172852013,13,2013,11
STOP WITH SEARCH OR FRISK,Suspicious,06,B,38.03917760389516,-78.48790821698871,06,2012,12
Search WITHOUT Stop-Frisk,Assault,03,B,38.03276377582488,-78.49334529951321,03,2012,09
STOP WITH SEARCH OR FRISK,Narcotic Investigation,02,W,38.029692567467,-78.48149848356144,02,2013,07
STOP WITH SEARCH OR FRISK,Narcotic Investigation,12,B,38.024282569765916,-78.49111441293564,12,2013,09
Search WITHOUT Stop-Frisk,Suspicious,02,W,38.03230025349462,-78.48062788881434,02,2013,10
STOP WITH SEARCH OR FRISK,Weapons Law Violation,12,B,38.019783948259104,-78.4882675687906,12,2013,08
STOP WITH SEARCH OR FRISK,Mo Mohr Transport,04,W,38.03435922760145,-78.49192125017328,04,2012,08
STOP WITH SEARCH OR FRISK,Suspicious,10,W,38.02050625668805,-78.47502551610705,10,2012,10
STOP WITH SEARCH OR FRISK,Narcotic Investigation,16,B,38.042086542004974,-78.49765421975206,16,2013,05
Search WITHOUT Stop-Frisk,Larceny,06,B,38.040181171454066,-78.48420253898605,06,2012,12
Search WITHOUT Stop-Frisk,Suspicious,14,B,38.024105735103966,-78.51834957518906,14,2014,04
STOP WITH SEARCH OR FRISK,Narcotic Investigation,10,B,38.01412330544447,-78.46967604214134,10,2014,06
STOP WITH SEARCH OR FRISK,Mo Mohr Transport,01,W,38.03046125219003,-78.48023191468963,01,2012,10
STOP WITH SEARCH OR FRISK,Suspicious,06,B,38.040844075701514,-78.48133568378006,06,2012,12
STOP WITH SEARCH OR FRISK,Weapons Law Violation,04,B,38.0336016790599,-78.490310368491,04,2013,08
Search WITHOUT Stop-Frisk,Disorder,28,W,38.05782058996746,-78.47320255234683,28,2013,09
Search WITHOUT Stop-Frisk,Suspicious,02,B,38.033747031569824,-78.48387157986828,02,2013,09
Search WITHOUT Stop-Frisk,Suspicious,10,W,38.021527762552374,-78.47788307728005,10,2013,03
Search WITHOUT Stop-Frisk,Liquor Law Violation,10,W,38.0203413804922,-78.47047564955896,10,2012,08
Search WITHOUT Stop-Frisk,Assault,02,B,38.03171585342537,-78.48132685677591,02,2013,07
Search WITHOUT Stop-Frisk,Assault,03,B,38.032431973000364,-78.49295489226611,03,2012,09
Search WITHOUT Stop-Frisk,Liquor Law Violation,12,B,38.02668117096623,-78.48738561470267,12,2012,07
Search WITHOUT Stop-Frisk,VANDALISM,09,W,38.029030543518196,-78.47140050449438,09,2012,08
STOP WITH SEARCH OR FRISK,Mo Mohr Transport,01,W,38.032460873501606,-78.48321442176251,01,2012,08
STOP WITH SEARCH OR FRISK,Weapons Law Violation,12,B,38.02366168082397,-78.48696303312784,12,2013,08
Search WITHOUT Stop-Frisk,Suspicious,20,B,38.02580744464038,-78.45455337459009,20,2014,04
Search WITHOUT Stop-Frisk,Suspicious,11,B,38.027238216581814,-78.48277615778055,11,2012,11
Search WITHOUT Stop-Frisk,Trespass,22,B,38.01846870963192,-78.50495323869669,22,2012,08
Search WITHOUT Stop-Frisk,Trespass,04,B,38.03465751464661,-78.49227775502247,04,2012,08
STOP WITH SEARCH OR FRISK,Narcotic Investigation,13,B,38.027675370058184,-78.48866438199597,13,2014,02
STOP WITH SEARCH OR FRISK,Traffic Stop,02,W,38.0311550062197,-78.47586651479126,02,2013,08
STOP WITH SEARCH OR FRISK,Mo Mohr Transport,06,B,38.0414281922949,-78.49213337991215,06,2012,12
Search WITHOUT Stop-Frisk,Disorder,20,W,38.026688211165116,-78.4639574807,20,2012,11
Search WITHOUT Stop-Frisk,Trespass,23,B,38.01950413513005,-78.51289294970566,23,2012,11
STOP WITH SEARCH OR FRISK,Suspicious,12,B,38.023601857106286,-78.48417597246961,12,2014,04
Search WITHOUT Stop-Frisk,Warrant Service,09,B,38.029938309743144,-78.46582381707469,09,2013,01
Search WITHOUT Stop-Frisk,Aggravated Assault,05,B,38.03792323204153,-78.49405094906744,05,2014,01
STOP WITH SEARCH OR FRISK,Narcotic Investigation,01,B,38.02997540041645,-78.47811498635765,01,2012,08
STOP WITH SEARCH OR FRISK,Trespass,10,B,38.01305514479399,-78.47005186323479,10,2012,12
STOP WITH SEARCH OR FRISK,Weapons Law Violation,02,B,38.03228434427819,-78.48045259272283,02,2013,08
Search WITHOUT Stop-Frisk,Disorder,01,W,38.03108432662559,-78.4800936995605,01,2013,04
Search WITHOUT Stop-Frisk,Trespass,11,B,38.02835966214318,-78.48060773919671,11,2012,09
Search WITHOUT Stop-Frisk,Trespass,08,W,38.03558538559989,-78.46413696529397,08,2012,08
STOP WITH SEARCH OR FRISK,Trespass,10,B,38.02241340307377,-78.4727897644663,10,2012,12
Search WITHOUT Stop-Frisk,Suspicious,10,W,38.01573549207464,-78.48451000670504,10,2013,03
STOP WITH SEARCH OR FRISK,Suspicious,16,W,38.039663226241316,-78.49854018917087,16,2013,06
STOP WITH SEARCH OR FRISK,Suspicious,06,B,38.04024391587396,-78.47950104350613,06,2012,12
STOP WITH SEARCH OR FRISK,Mo Mohr Transport,01,W,38.02967650261154,-78.4792370044183,01,2012,08
STOP WITH SEARCH OR FRISK,Trespass,02,W,38.031949709283936,-78.47985895804698,02,2013,01
Search WITHOUT Stop-Frisk,Suspicious,11,B,38.02714151996262,-78.48182131196891,11,2012,11
STOP WITH SEARCH OR FRISK,Traffic Stop,05,B,38.037537937561424,-78.48956130475823,05,2013,11
Search WITHOUT Stop-Frisk,Disorder,02,B,38.031902298581635,-78.48455451873838,02,2013,06
Search WITHOUT Stop-Frisk,Disorder,01,W,38.02956089180624,-78.47623457422412,01,2012,10
Search WITHOUT Stop-Frisk,Larceny,03,B,38.03523582386137,-78.49580996662067,03,2013,06
STOP WITH SEARCH OR FRISK,Shots-Fired,20,B,38.032598827353596,-78.46057152239834,20,2014,04
STOP WITH SEARCH OR FRISK,Narcotic Investigation,16,B,38.03727439686361,-78.5029616837826,16,2012,09
STOP WITH SEARCH OR FRISK,Disorder,11,B,38.0282404028399,-78.48068084611006,11,2013,08
STOP WITH SEARCH OR FRISK,VANDALISM,16,W,38.038412934804484,-78.50215335041219,16,2012,10
STOP WITH SEARCH OR FRISK,Trespass,10,B,38.01650722496292,-78.47495077370785,10,2012,12
Search WITHOUT Stop-Frisk,Suspicious,03,B,38.032062787335775,-78.49430237937574,03,2013,01
Search WITHOUT Stop-Frisk,Trespass,16,B,38.03895243963246,-78.49863067489775,16,2012,09
STOP WITH SEARCH OR FRISK,Weapons Law Violation,11,B,38.02762053701238,-78.48158849633649,11,2013,12
Search WITHOUT Stop-Frisk,Disorder,01,B,38.03159977198067,-78.48165103003585,01,2013,03
STOP WITH SEARCH OR FRISK,Disorder,01,B,38.03093322732823,-78.48315024206231,01,2013,05
STOP WITH SEARCH OR FRISK,Weapons Law Violation,12,B,38.0196075177077,-78.48719170267451,12,2013,08
STOP WITH SEARCH OR FRISK,Trespass,06,B,38.040204740560945,-78.48464727185224,06,2012,10
Search WITHOUT Stop-Frisk,Suspicious,12,B,38.02132099311883,-78.48632658265537,12,2013,05
STOP WITH SEARCH OR FRISK,Narcotic Investigation,12,B,38.01565125363746,-78.49393182185484,12,2012,09
Search WITHOUT Stop-Frisk,Suspicious,26,W,38.04887419446073,-78.50441144382978,26,2012,12
STOP WITH SEARCH OR FRISK,Narcotic Investigation,13,B,38.02787887878534,-78.50084045585447,13,2014,06
STOP WITH SEARCH OR FRISK,Trespass,14,B,38.02543488306404,-78.52136069883521,14,2013,01
Search WITHOUT Stop-Frisk,Liquor Law Violation,10,W,38.01514044337786,-78.48327171065381,10,2012,08
Search WITHOUT Stop-Frisk,Larceny,16,B,38.047729818786195,-78.50129934600116,16,2012,08
Search WITHOUT Stop-Frisk,Liquor Law Violation,01,W,38.030599264025064,-78.47914205825191,01,2012,11
STOP WITH SEARCH OR FRISK,Narcotic Investigation,12,B,38.01913916368943,-78.49554999488741,12,2014,06
STOP WITH SEARCH OR FRISK,Narcotic Investigation,01,W,38.030952253573076,-78.47956702235214,01,2012,08
STOP WITH SEARCH OR FRISK,Narcotic Investigation,13,B,38.02536405793921,-78.497296621508,13,2014,02
STOP WITH SEARCH OR FRISK,Traffic Stop,13,B,38.029739495767124,-78.49635906563663,13,2012,08
STOP WITH SEARCH OR FRISK,Suspicious,10,W,38.01338850343493,-78.47140119330436,10,2014,05
Search WITHOUT Stop-Frisk,Assault,02,W,38.03307191115692,-78.48523535641472,02,2013,07
STOP WITH SEARCH OR FRISK,Traffic Stop,33,B,38.01450622141616,-78.50290320913628,33,2013,03
Search WITHOUT Stop-Frisk,Larceny,02,W,38.031502946797325,-78.48525162179993,02,2012,07
STOP WITH SEARCH OR FRISK,Traffic Stop,13,B,38.028769308933256,-78.49064972059503,13,2014,04
Search WITHOUT Stop-Frisk,Disorder,01,B,38.02996924884703,-78.48013768049637,01,2013,03
STOP WITH SEARCH OR FRISK,Narcotic Investigation,08,W,38.0345394737163,-78.46619696310204,08,2013,07
STOP WITH SEARCH OR FRISK,Traffic Stop,13,B,38.02558942636887,-78.49906575972443,13,2014,02
Search WITHOUT Stop-Frisk,Traffic Stop,02,W,38.03202596132523,-78.48254305940372,02,2013,01
STOP WITH SEARCH OR FRISK,Narcotic Investigation,01,B,38.03140490076258,-78.4825579484978,01,2012,07
Search WITHOUT Stop-Frisk,Suspicious,11,B,38.02771143558618,-78.4789221698132,11,2012,11
STOP WITH SEARCH OR FRISK,Assault,16,W,38.03956065542843,-78.50291534069012,16,2013,07
STOP WITH SEARCH OR FRISK,Traffic Stop,18,B,38.044605836896174,-78.46117709513142,18,2013,10
Search WITHOUT Stop-Frisk,Liquor Law Violation,15,B,38.03692023246966,-78.5001045829839,15,2012,08
STOP WITH SEARCH OR FRISK,Weapons Law Violation,10,B,38.02319414404856,-78.47385991776143,10,2012,09
STOP WITH SEARCH OR FRISK,Mo Mohr Transport,06,B,38.03508000559929,-78.48440046809553,06,2012,12
STOP WITH SEARCH OR FRISK,Narcotic Investigation,13,B,38.026018248382854,-78.5025595941708,13,2013,11
Search WITHOUT Stop-Frisk,Trespass,04,B,38.03420825086771,-78.49129373906743,04,2013,04
STOP WITH SEARCH OR FRISK,Narcotic Investigation,12,B,38.02668856863043,-78.48564406262311,12,2013,09
STOP WITH SEARCH OR FRISK,Narcotic Investigation,12,B,38.025676747589024,-78.48244689887322,12,2013,09
STOP WITH SEARCH OR FRISK,VANDALISM,16,B,38.038776117795294,-78.49506793121812,16,2012,10
STOP WITH SEARCH OR FRISK,Narcotic Investigation,10,W,38.01407657729253,-78.4717706990403,10,2013,06
STOP WITH SEARCH OR FRISK,Traffic Stop,16,W,38.042973589829145,-78.49759352686331,16,2012,08
STOP WITH SEARCH OR FRISK,Weapons Law Violation,02,B,38.02867206163229,-78.47726651808583,02,2013,08
Search WITHOUT Stop-Frisk,DIP,05,W,38.03342336553997,-78.48692345996416,05,2012,08
STOP WITH SEARCH OR FRISK,Traffic Stop,13,B,38.026972862030505,-78.49206225902226,13,2014,03
Search WITHOUT Stop-Frisk,Suspicious,10,W,38.01988714576459,-78.47312902404184,10,2013,03
STOP WITH SEARCH OR FRISK,Traffic Stop,06,B,38.0358201618381,-78.4865720161362,06,2014,03
Search WITHOUT Stop-Frisk,Larceny,03,B,38.03232747054655,-78.49246719534796,03,2013,06
Search WITHOUT Stop-Frisk,Suspicious,02,B,38.03241978885097,-78.48068592210856,02,2013,09
STOP WITH SEARCH OR FRISK,Traffic Stop,05,B,38.035064623685386,-78.48968125417117,05,2014,05
STOP WITH SEARCH OR FRISK,Traffic Stop,13,W,38.02871829219458,-78.4905997912127,13,2012,09
Search WITHOUT Stop-Frisk,Suspicious,06,W,38.04051262459549,-78.48807119986562,06,2013,10
STOP WITH SEARCH OR FRISK,Narcotic Investigation,01,B,38.02964441063245,-78.4756926265435,01,2012,07
Search WITHOUT Stop-Frisk,Burglary,16,W,38.041467743027766,-78.50281757735786,16,2013,07
Search WITHOUT Stop-Frisk,Suspicious,04,W,38.0342077882839,-78.49229731517174,04,2013,01
Search WITHOUT Stop-Frisk,Trespass,13,W,38.026885293932175,-78.5012519628672,13,2012,11
STOP WITH SEARCH OR FRISK,Liquor Law Violation,12,B,38.022008131031804,-78.48560558784588,12,2013,02
Search WITHOUT Stop-Frisk,Suspicious,11,B,38.027230755286425,-78.48179861775299,11,2012,11
Search WITHOUT Stop-Frisk,Trespass,22,B,38.017240880124504,-78.50340051765039,22,2012,08
STOP WITH SEARCH OR FRISK,Disorder,11,B,38.02823669654608,-78.47852568019773,11,2013,08
Search WITHOUT Stop-Frisk,Trespass,04,B,38.03391337571594,-78.49027866480797,04,2013,04
Search WITHOUT Stop-Frisk,Mo Mohr Transport,10,W,38.026165785996575,-78.47302459520978,10,2012,11
Search WITHOUT Stop-Frisk,Mo Mohr Transport,02,W,38.03133420173234,-78.48008088645605,02,2012,11
Search WITHOUT Stop-Frisk,Suspicious,10,B,38.015955963384904,-78.47345807135784,10,2012,08
Search WITHOUT Stop-Frisk,Suspicious,10,W,38.01849528138049,-78.48216134221367,10,2013,03
STOP WITH SEARCH OR FRISK,Robbery,13,B,38.02919105135106,-78.49303684652818,13,2012,07
STOP WITH SEARCH OR FRISK,Narcotic Investigation,02,W,38.03090602904702,-78.47466444516918,02,2012,10
STOP WITH SEARCH OR FRISK,Traffic/Parking,10,W,38.01955744990981,-78.47671063582469,10,2013,10
STOP WITH SEARCH OR FRISK,Suspicious,06,B,38.03668906980639,-78.48272290677302,06,2012,12
STOP WITH SEARCH OR FRISK,Suspicious,04,B,38.033416522296,-78.49138129563369,04,2014,05
Search WITHOUT Stop-Frisk,Suspicious,06,B,38.04111780048175,-78.47846433812448,06,2013,10
STOP WITH SEARCH OR FRISK,Traffic Stop,21,B,38.021052324568146,-78.4958594452511,21,2013,09
STOP WITH SEARCH OR FRISK,Traffic Stop,06,B,38.035298391476736,-78.48419504785973,06,2013,07
Search WITHOUT Stop-Frisk,Traffic Stop,02,W,38.032568504310646,-78.48197321601435,02,2013,01
Search WITHOUT Stop-Frisk,Disorder,18,B,38.04863465801432,-78.47258638856052,18,2014,01
STOP WITH SEARCH OR FRISK,Trespass,10,B,38.023299853106046,-78.47453683995445,10,2012,12
Search WITHOUT Stop-Frisk,Disorder,01,B,38.03048727516702,-78.48189094362172,01,2012,08
Search WITHOUT Stop-Frisk,Assault,02,B,38.033203300714526,-78.48469420502809,02,2012,09
STOP WITH SEARCH OR FRISK,Disorder,01,B,38.03245413011249,-78.48336015753657,01,2014,03
