SFTYPE,OFFENSE,RACE,lat,lon,beatnumdot,Year,Month,BEAT_NO
NA,NA,B,38.02940473789255,-78.47668790379613,01,2019,04,1
NA,NA,B,38.03073799020976,-78.48275070502554,01,2019,04,1
NA,NA,B,38.03148287647325,-78.4821168763848,01,2019,04,1
NA,NA,B,38.030716364845,-78.48402955973391,01,2019,04,1
NA,NA,B,38.03124340336266,-78.48261126002532,01,2019,04,1
NA,NA,B,38.02964213218094,-78.47726902628276,01,2019,08,1
NA,NA,B,38.03089446955319,-78.48262420577159,01,2020,02,1
NA,NA,B,38.0300899825637,-78.47687989472725,01,2020,01,1
NA,NA,B,38.029362288255044,-78.47860329663702,01,2020,01,1
NA,NA,B,38.0293299721455,-78.47954916445548,01,2020,01,1
NA,NA,B,38.02994154741577,-78.4769778618015,01,2019,07,1
NA,NA,B,38.0294021342555,-78.47751520065123,01,2019,07,1
NA,NA,B,38.03016493784004,-78.47777301327017,01,2019,06,1
NA,NA,B,38.030941052021504,-78.48121470891215,01,2019,06,1
NA,NA,B,38.02970843182416,-78.47737204869644,01,2019,03,1
NA,NA,B,38.029883299273926,-78.47671316912754,01,2019,03,1
NA,NA,B,38.02965152147573,-78.47856220856814,01,2019,03,1
NA,NA,B,38.029164375758114,-78.47889829775448,01,2019,03,1
NA,NA,B,38.029176769568494,-78.47703867385611,01,2020,03,1
NA,NA,B,38.03058517108063,-78.48102232097348,01,2020,03,1
NA,NA,B,38.0305458483825,-78.48315588214405,01,2019,05,1
NA,NA,B,38.02952096792111,-78.47981597675464,01,2019,05,1
NA,NA,B,38.030480627794354,-78.48069010379237,01,2019,05,1
NA,NA,B,38.03046122276784,-78.47789918323078,01,2019,10,1
NA,NA,B,38.02965570369059,-78.47946139649812,01,2019,10,1
NA,NA,B,38.03037749764752,-78.47977139465857,01,2019,09,1
NA,NA,B,38.02977694079284,-78.48063462859689,01,2019,09,1
NA,NA,B,38.03057385902888,-78.48129076607324,01,2019,09,1
NA,NA,W,38.029072117549354,-78.47801404843922,01,2019,04,1
NA,NA,W,38.03095110425237,-78.48154332982176,01,2019,08,1
NA,NA,W,38.02931367529841,-78.4785735253807,01,2019,12,1
NA,NA,W,38.02999637550486,-78.48078124313031,01,2019,12,1
NA,NA,W,38.03067868013454,-78.4795641839249,01,2019,02,1
NA,NA,W,38.03074679985148,-78.47872920876586,01,2020,02,1
NA,NA,W,38.030368067658316,-78.48021886962809,01,2020,02,1
NA,NA,W,38.03026845372785,-78.48252030338855,01,2020,01,1
NA,NA,W,38.03062869228457,-78.48122031911603,01,2020,01,1
NA,NA,W,38.03015482226995,-78.48003214859837,01,2019,07,1
NA,NA,W,38.02951758129847,-78.47886453240285,01,2019,06,1
NA,NA,W,38.03085148282758,-78.48363538709872,01,2019,06,1
NA,NA,W,38.03049471385264,-78.48337589599356,01,2019,06,1
NA,NA,W,38.02921140636838,-78.47639821994765,01,2019,06,1
NA,NA,W,38.03098487422722,-78.48295694840925,01,2019,06,1
NA,NA,W,38.03033113410912,-78.47977515102342,01,2019,03,1
NA,NA,W,38.029772234626286,-78.47682303953553,01,2020,03,1
NA,NA,W,38.029306682715955,-78.4763792784031,01,2019,05,1
NA,NA,W,38.031663833128164,-78.48152323458795,01,2019,05,1
NA,NA,W,38.02979315310971,-78.48054337089151,01,2019,11,1
NA,NA,W,38.03071976049474,-78.47978395738082,01,2019,11,1
NA,NA,W,38.03001794828461,-78.47854488791428,01,2019,10,1
NA,NA,W,38.03089351795431,-78.48065304562273,01,2019,10,1
NA,NA,B,38.03066017706998,-78.47696806265836,02,2020,04,2
NA,NA,B,38.02998461057472,-78.48291519962504,02,2019,08,2
NA,NA,B,38.03096819023598,-78.47655637369664,02,2019,12,2
NA,NA,B,38.02962792136926,-78.48118971343463,02,2020,02,2
NA,NA,B,38.03404094740177,-78.48463019864411,02,2020,01,2
NA,NA,B,38.0309326804147,-78.47851310842167,02,2019,07,2
NA,NA,B,38.03001088649111,-78.48476807170748,02,2019,07,2
NA,NA,B,38.02894794500388,-78.47860659999334,02,2019,06,2
NA,NA,B,38.03021086861349,-78.48298994317919,02,2019,06,2
NA,NA,B,38.032573900477985,-78.48112219557433,02,2019,05,2
NA,NA,B,38.03168501141176,-78.4785389300808,02,2019,05,2
NA,NA,B,38.03188683269971,-78.47959544951345,02,2019,05,2
NA,NA,B,38.03137961678412,-78.48049152699635,02,2019,05,2
NA,NA,B,38.02875758215296,-78.47856998091909,02,2019,05,2
NA,NA,B,38.030446924935084,-78.47599121128803,02,2019,05,2
NA,NA,B,38.03215103361314,-78.47960727318932,02,2019,05,2
NA,NA,B,38.03220112673848,-78.48570032884109,02,2019,10,2
NA,NA,B,38.03045021759566,-78.48642066723511,02,2019,10,2
NA,NA,B,38.03214057178099,-78.48401732049375,02,2019,10,2
NA,NA,B,38.032720235142435,-78.4848197572859,02,2019,10,2
NA,NA,B,38.02924352617335,-78.48012924554006,02,2019,10,2
NA,NA,B,38.032437237411045,-78.48464257132207,02,2019,10,2
NA,NA,B,38.03232829706168,-78.4834864362968,02,2019,10,2
NA,NA,W,38.03144939063731,-78.48332811988136,02,2019,04,2
NA,NA,W,38.03210115180777,-78.48066047385947,02,2019,04,2
NA,NA,W,38.03153892906771,-78.48481439466806,02,2020,04,2
NA,NA,W,38.03380209387633,-78.4853003522446,02,2020,04,2
NA,NA,W,38.03364145288803,-78.48475737729866,02,2019,08,2
NA,NA,W,38.03065007697585,-78.4849641289399,02,2019,08,2
NA,NA,W,38.02993841986588,-78.48442633154984,02,2019,08,2
NA,NA,W,38.03187783566124,-78.48475894667435,02,2019,08,2
NA,NA,W,38.031665348495785,-78.47793198764481,02,2019,12,2
NA,NA,W,38.02972944636372,-78.48215549999047,02,2019,12,2
NA,NA,W,38.030203444597326,-78.47609050221403,02,2019,12,2
NA,NA,W,38.03264036868438,-78.48358841642529,02,2019,12,2
NA,NA,W,38.031572157908684,-78.47817826960271,02,2019,12,2
NA,NA,W,38.031054990093544,-78.4781299730592,02,2020,02,2
NA,NA,W,38.03120600789696,-78.48268282323214,02,2020,02,2
NA,NA,W,38.02934105414365,-78.48075206459117,02,2020,01,2
NA,NA,W,38.03079930437702,-78.47550542242877,02,2020,01,2
NA,NA,W,38.03189134358721,-78.48593763756007,02,2020,01,2
NA,NA,W,38.032429135338646,-78.48580137010298,02,2020,01,2
NA,NA,W,38.0306100002771,-78.47663385377608,02,2019,07,2
NA,NA,W,38.03259239608882,-78.48400135580826,02,2019,07,2
NA,NA,W,38.032764687436654,-78.48525836284728,02,2019,07,2
NA,NA,W,38.02943535837438,-78.4815589886271,02,2019,06,2
NA,NA,W,38.03227788682393,-78.48083705099444,02,2019,06,2
NA,NA,W,38.03174582934777,-78.4816077165864,02,2019,06,2
NA,NA,W,38.03074183578257,-78.47600802415091,02,2019,03,2
NA,NA,W,38.031431205320835,-78.47608404995268,02,2019,10,2
NA,NA,W,38.03097733115542,-78.48556994663471,02,2019,10,2
NA,NA,W,38.02899084310601,-78.47900603232713,02,2019,09,2
NA,NA,B,38.031922192485844,-78.48972038781922,03,2019,04,3
NA,NA,B,38.034700996862576,-78.49841832930562,03,2019,08,3
NA,NA,B,38.031042675539155,-78.49228435047368,03,2019,08,3
NA,NA,B,38.031640153408944,-78.49584520254118,03,2019,12,3
NA,NA,B,38.03296905501388,-78.49093947385674,03,2019,02,3
NA,NA,B,38.03131853185845,-78.49037379444762,03,2019,07,3
NA,NA,B,38.03190691213888,-78.48863740759398,03,2019,07,3
NA,NA,B,38.0307302874562,-78.49300740863845,03,2019,06,3
NA,NA,B,38.03305171792823,-78.4930888579926,03,2019,03,3
NA,NA,B,38.03126980901228,-78.48814804088276,03,2020,03,3
NA,NA,B,38.03214591366114,-78.49172630941337,03,2020,03,3
NA,NA,B,38.03494984916649,-78.49575987249264,03,2019,05,3
NA,NA,B,38.033266021293585,-78.48979666485089,03,2019,09,3
NA,NA,B,38.03397566891342,-78.49732581113447,03,2019,09,3
NA,NA,B,38.03123056935825,-78.49362858387082,03,2019,09,3
NA,NA,B,38.03441037901814,-78.498312551921,03,2019,09,3
NA,NA,B,38.034388179034195,-78.4958931748225,03,2019,09,3
NA,NA,W,38.035075038624896,-78.49735528718769,03,2019,08,3
NA,NA,W,38.033592239458876,-78.49888966745867,03,2019,12,3
NA,NA,W,38.03166660916709,-78.49362810626153,03,2019,12,3
NA,NA,W,38.032619677785256,-78.48997598018124,03,2019,12,3
NA,NA,W,38.03145573962664,-78.49205737844137,03,2019,02,3
NA,NA,W,38.03169756131027,-78.49339203425569,03,2019,02,3
NA,NA,W,38.03291711229773,-78.49714803441287,03,2019,02,3
NA,NA,W,38.03385137115557,-78.49851920926677,03,2019,02,3
NA,NA,W,38.032447977004445,-78.49091888149296,03,2019,07,3
NA,NA,W,38.032203708671496,-78.49630134655925,03,2019,06,3
NA,NA,W,38.034731419710894,-78.49663419759928,03,2019,03,3
NA,NA,W,38.03055029238021,-78.48789556686896,03,2020,03,3
NA,NA,W,38.0332322562626,-78.49426393410197,03,2019,05,3
NA,NA,W,38.03170195394599,-78.4890956785458,03,2019,11,3
NA,NA,W,38.03473790511564,-78.49498187625989,03,2019,09,3
NA,NA,B,38.03395739599454,-78.49183261627081,04,2020,04,4
NA,NA,B,38.03409563347555,-78.49250798460625,04,2020,04,4
NA,NA,B,38.03426800325863,-78.4924811548446,04,2020,04,4
NA,NA,B,38.033323185509,-78.49111913379714,04,2020,04,4
NA,NA,B,38.03422139620942,-78.49252737436979,04,2020,04,4
NA,NA,B,38.03401460595398,-78.49040199968798,04,2020,04,4
NA,NA,B,38.033899691407115,-78.49129350364748,04,2019,07,4
NA,NA,B,38.0340665946207,-78.49015037836809,04,2019,07,4
NA,NA,B,38.033638750846805,-78.49187537763066,04,2019,07,4
NA,NA,B,38.034441077827076,-78.49240384124023,04,2020,03,4
NA,NA,B,38.033770116058605,-78.49197704538554,04,2020,03,4
NA,NA,B,38.03409891375332,-78.49220086388497,04,2020,03,4
NA,NA,B,38.033606030645785,-78.49167196655121,04,2019,05,4
NA,NA,B,38.03330575612722,-78.49092074532338,04,2019,11,4
NA,NA,B,38.034027602768354,-78.49006626232864,04,2019,10,4
NA,NA,B,38.03388297602253,-78.49056055397793,04,2019,10,4
NA,NA,B,38.034119913043845,-78.4913896953191,04,2019,10,4
NA,NA,B,38.03370080239942,-78.49100438955422,04,2019,10,4
NA,NA,W,38.03387980292521,-78.49180756409429,04,2020,02,4
NA,NA,W,38.03368062052522,-78.49094231336811,04,2019,11,4
NA,NA,B,38.03839487800518,-78.49459524549253,05,2019,04,5
NA,NA,B,38.035062110172085,-78.48840683455877,05,2019,04,5
NA,NA,B,38.03573793442154,-78.49451006158958,05,2020,04,5
NA,NA,B,38.0348375713369,-78.48580012340268,05,2019,12,5
NA,NA,B,38.03794959312894,-78.49062500677022,05,2019,12,5
NA,NA,B,38.03703474520165,-78.49237615711387,05,2019,12,5
NA,NA,B,38.03690282210665,-78.49354366657953,05,2019,12,5
NA,NA,B,38.037062590265435,-78.49373263330513,05,2019,12,5
NA,NA,B,38.039658521387636,-78.49254924907464,05,2019,12,5
NA,NA,B,38.03450321704123,-78.48690546269535,05,2019,12,5
NA,NA,B,38.03484021460422,-78.49216735483115,05,2020,02,5
NA,NA,B,38.0369547073844,-78.49266020788556,05,2020,02,5
NA,NA,B,38.03439317368788,-78.48888664064825,05,2020,02,5
NA,NA,B,38.03330983604891,-78.48614979449206,05,2020,02,5
NA,NA,B,38.03954961626216,-78.4915872220497,05,2020,01,5
NA,NA,B,38.03482608809157,-78.48924880683273,05,2019,07,5
NA,NA,B,38.038066002199216,-78.49237636622793,05,2019,06,5
NA,NA,B,38.03869702684212,-78.49180731359496,05,2019,03,5
NA,NA,B,38.03817988741718,-78.49362076964648,05,2019,03,5
NA,NA,B,38.03568726913751,-78.48977398205223,05,2019,03,5
NA,NA,B,38.037596109447705,-78.49348545674405,05,2019,05,5
NA,NA,B,38.039916671020364,-78.49359548759374,05,2019,11,5
NA,NA,W,38.03537505489747,-78.48908913838308,05,2019,04,5
NA,NA,W,38.03612283544218,-78.4899992180134,05,2019,12,5
NA,NA,W,38.03437154366067,-78.48831008415712,05,2020,02,5
NA,NA,W,38.033423907769134,-78.48828304079605,05,2020,01,5
NA,NA,W,38.03659177668794,-78.49105001886689,05,2019,07,5
NA,NA,W,38.03658256159537,-78.49275275764523,05,2019,05,5
NA,NA,B,38.03891334522184,-78.48788005113545,06,2020,04,6
NA,NA,B,38.03758721973966,-78.48226702798635,06,2020,04,6
NA,NA,B,38.03886788654536,-78.48386477468617,06,2020,04,6
NA,NA,B,38.03916411638394,-78.48453214000338,06,2019,08,6
NA,NA,B,38.0387479550275,-78.47994537591188,06,2019,12,6
NA,NA,B,38.039464645252316,-78.47870046876531,06,2019,12,6
NA,NA,B,38.03829639360241,-78.48273078925595,06,2019,07,6
NA,NA,B,38.040430814468884,-78.48292187041905,06,2019,07,6
NA,NA,B,38.04149081764552,-78.48857420651608,06,2019,03,6
NA,NA,B,38.04286260435249,-78.4783634063338,06,2019,11,6
NA,NA,B,38.03689525627853,-78.48177757633222,06,2019,11,6
NA,NA,W,38.03897854901296,-78.4792065596275,06,2020,04,6
NA,NA,W,38.03684241408292,-78.48329617392267,06,2019,05,6
NA,NA,W,38.03745718904844,-78.48078942916693,06,2019,11,6
NA,NA,W,38.03592551660138,-78.4779598226665,07,2020,01,7
NA,NA,W,38.03482896505777,-78.48256747974415,07,2019,09,7
NA,NA,W,38.03561000532937,-78.4831278730711,07,2019,09,7
NA,NA,B,38.03695658963839,-78.46838851358584,08,2020,04,8
NA,NA,B,38.033296704964826,-78.47102789993124,08,2019,03,8
NA,NA,B,38.0338924400258,-78.46923050195672,08,2020,03,8
NA,NA,B,38.036051360363786,-78.46738623087988,08,2019,10,8
NA,NA,B,38.0344912165998,-78.46441419514842,08,2019,09,8
NA,NA,W,38.03784058378972,-78.46611960059145,08,2020,04,8
NA,NA,W,38.037651193077245,-78.4687685070849,08,2019,07,8
NA,NA,W,38.0358821017116,-78.46683210140523,08,2019,03,8
NA,NA,W,38.03541206060526,-78.46129720451675,08,2019,09,8
NA,NA,B,38.02876182274152,-78.46734423441733,09,2019,03,9
NA,NA,B,38.03182407169385,-78.46714034028217,09,2019,03,9
NA,NA,W,38.03115506032455,-78.46890201289571,09,2019,08,9
NA,NA,W,38.024882631112085,-78.4682752617136,09,2019,12,9
NA,NA,W,38.026620271585884,-78.46954709526565,09,2019,07,9
NA,NA,W,38.028688202208265,-78.47085199387224,09,2019,07,9
NA,NA,B,38.018323066959354,-78.4675524952694,10,2020,04,10
NA,NA,B,38.020989699060785,-78.47862727121456,10,2020,04,10
NA,NA,B,38.0176465492275,-78.48120734878758,10,2020,04,10
NA,NA,B,38.022198677613694,-78.48063077646346,10,2019,08,10
NA,NA,B,38.02301893796566,-78.47853500392105,10,2019,12,10
NA,NA,B,38.024522937329074,-78.47177502459037,10,2019,12,10
NA,NA,B,38.01905257775183,-78.47886809423306,10,2019,12,10
NA,NA,B,38.01941445618405,-78.48066745570253,10,2019,12,10
NA,NA,B,38.01529083523649,-78.47499525335178,10,2019,12,10
NA,NA,B,38.014319230421414,-78.4714117504474,10,2019,12,10
NA,NA,B,38.019134709642906,-78.46790306273066,10,2019,12,10
NA,NA,B,38.021680087752195,-78.46714830450615,10,2019,12,10
NA,NA,B,38.02316326357558,-78.47094303199073,10,2019,12,10
NA,NA,B,38.020205709238795,-78.47261514487833,10,2019,12,10
NA,NA,B,38.02397422820682,-78.47656545391531,10,2019,12,10
NA,NA,B,38.019625236902925,-78.46586650828488,10,2019,12,10
NA,NA,B,38.01916864977117,-78.48110358440614,10,2019,12,10
NA,NA,B,38.02398088123548,-78.48085393290971,10,2019,02,10
NA,NA,B,38.02215555321569,-78.47227155670221,10,2019,02,10
NA,NA,B,38.019055938565906,-78.47283319796063,10,2019,02,10
NA,NA,B,38.01961582775212,-78.47632108086549,10,2019,02,10
NA,NA,B,38.01507315056473,-78.47753562634452,10,2019,02,10
NA,NA,B,38.021293916980405,-78.46766332307814,10,2020,02,10
NA,NA,B,38.01577292257529,-78.4790314798161,10,2020,01,10
NA,NA,B,38.019444129185445,-78.4750095589729,10,2020,01,10
NA,NA,B,38.01896819171158,-78.46838540928418,10,2019,07,10
NA,NA,B,38.012249477344675,-78.46968189721252,10,2019,07,10
NA,NA,B,38.01691847662559,-78.48143609958106,10,2019,06,10
NA,NA,B,38.02228912432781,-78.47848037400425,10,2019,06,10
NA,NA,B,38.02601166469273,-78.47699156415773,10,2019,06,10
NA,NA,B,38.02591525525352,-78.47781534406113,10,2019,06,10
NA,NA,B,38.015459784132126,-78.47983127158994,10,2020,03,10
NA,NA,B,38.02672294496132,-78.47800391919792,10,2020,03,10
NA,NA,B,38.02214190923649,-78.47656389649208,10,2020,03,10
NA,NA,B,38.013923443810945,-78.47436108615261,10,2020,03,10
NA,NA,B,38.026062367015534,-78.47968376120107,10,2020,03,10
NA,NA,B,38.01217399452373,-78.48297782141711,10,2020,03,10
NA,NA,B,38.020207408218766,-78.4763099903572,10,2020,03,10
NA,NA,B,38.02746479415964,-78.4783771315297,10,2020,03,10
NA,NA,B,38.01612550248835,-78.47896986267118,10,2019,05,10
NA,NA,B,38.02234698324521,-78.48064009002118,10,2019,11,10
NA,NA,B,38.01679272807536,-78.48273139373187,10,2019,10,10
NA,NA,B,38.01875998784261,-78.46775147194926,10,2019,10,10
NA,NA,B,38.021965318819845,-78.47845065919863,10,2019,09,10
NA,NA,B,38.01744497432884,-78.48558774346917,10,2019,09,10
NA,NA,B,38.016601662869775,-78.48349614825041,10,2019,09,10
NA,NA,B,38.01314902622443,-78.48117711267355,10,2019,09,10
NA,NA,W,38.02188575359329,-78.46998994634247,10,2019,08,10
NA,NA,W,38.01638572378884,-78.48103726789704,10,2019,08,10
NA,NA,W,38.015790333202915,-78.4780428887704,10,2019,08,10
NA,NA,W,38.01548001412732,-78.47124900238903,10,2019,12,10
NA,NA,W,38.01887595320097,-78.47648796869412,10,2019,02,10
NA,NA,W,38.01978783884754,-78.46564164678746,10,2020,02,10
NA,NA,W,38.01986188179693,-78.4722747204268,10,2020,02,10
NA,NA,W,38.02328461924468,-78.48023406805454,10,2020,02,10
NA,NA,W,38.019072416930584,-78.4763813094235,10,2020,01,10
NA,NA,W,38.02796407537458,-78.47564586333432,10,2020,01,10
NA,NA,W,38.01620845406221,-78.47935269272989,10,2019,07,10
NA,NA,W,38.015389332468835,-78.48296590438532,10,2019,06,10
NA,NA,W,38.01696758532883,-78.4728806270429,10,2019,06,10
NA,NA,W,38.01821719743992,-78.48494983846005,10,2019,06,10
NA,NA,W,38.025310268586416,-78.47921275643185,10,2019,06,10
NA,NA,W,38.0184479943576,-78.47482911629487,10,2019,06,10
NA,NA,W,38.02224466216872,-78.48246846891745,10,2019,06,10
NA,NA,W,38.01603920512645,-78.48447350168284,10,2019,06,10
NA,NA,W,38.02121079549498,-78.46369705062003,10,2019,06,10
NA,NA,W,38.01960615449859,-78.46683441035144,10,2019,06,10
NA,NA,W,38.02300361304913,-78.47825060764775,10,2019,06,10
NA,NA,W,38.022673075084725,-78.48090893069065,10,2020,03,10
NA,NA,W,38.02101874294052,-78.46650399266451,10,2019,05,10
NA,NA,W,38.01346012159212,-78.47988547043575,10,2019,05,10
NA,NA,W,38.02323853449615,-78.47643136809813,10,2019,11,10
NA,NA,W,38.014571064599025,-78.47514909395562,10,2019,11,10
NA,NA,W,38.01919618945671,-78.48056547769633,10,2019,11,10
NA,NA,W,38.025067197342025,-78.47756718708324,10,2019,10,10
NA,NA,W,38.01946146774135,-78.47753709956748,10,2019,10,10
NA,NA,W,38.02053332282433,-78.47804436520077,10,2019,10,10
NA,NA,W,38.01972494287933,-78.47974888742476,10,2019,09,10
NA,NA,W,38.01743161300039,-78.48234599413254,10,2019,09,10
NA,NA,W,38.019871432326575,-78.47951918749996,10,2019,09,10
NA,NA,B,38.027022204101854,-78.48073571893278,11,2020,04,11
NA,NA,B,38.02610546515222,-78.48058923262246,11,2019,02,11
NA,NA,B,38.02740461355777,-78.48012699585348,11,2019,02,11
NA,NA,B,38.028748622440986,-78.47974465976823,11,2019,02,11
NA,NA,B,38.02758401355059,-78.48161422240447,11,2020,01,11
NA,NA,B,38.02804322787404,-78.48042093713242,11,2019,07,11
NA,NA,B,38.02728148917909,-78.48285927034931,11,2019,07,11
NA,NA,B,38.027657189485296,-78.47928718282063,11,2019,06,11
NA,NA,B,38.02878938947118,-78.48382428745121,11,2019,06,11
NA,NA,B,38.02574737683328,-78.48045706699688,11,2019,03,11
NA,NA,B,38.02835094301618,-78.4842087748856,11,2020,03,11
NA,NA,B,38.02882166763794,-78.48495864331194,11,2020,03,11
NA,NA,B,38.027549571409985,-78.47962252475304,11,2020,03,11
NA,NA,B,38.02642186935274,-78.48063582518668,11,2020,03,11
NA,NA,B,38.02834538404365,-78.47975893496273,11,2020,03,11
NA,NA,B,38.02620604211434,-78.48054753348495,11,2020,03,11
NA,NA,B,38.02844014399315,-78.48285241868811,11,2020,03,11
NA,NA,B,38.02767526306461,-78.47971952158711,11,2019,05,11
NA,NA,B,38.02692659539978,-78.48042049768655,11,2019,05,11
NA,NA,B,38.02821500172094,-78.47950468659562,11,2019,10,11
NA,NA,W,38.028268254252296,-78.48307583316914,11,2020,02,11
NA,NA,W,38.02929052523432,-78.48521991884178,11,2019,07,11
NA,NA,W,38.02770928122545,-78.48064534148624,11,2019,07,11
NA,NA,W,38.02808013665943,-78.4822647119723,11,2019,03,11
NA,NA,W,38.02881453132501,-78.48129345252661,11,2019,05,11
NA,NA,B,38.0164092373725,-78.49284561850466,12,2019,04,12
NA,NA,B,38.0251759224214,-78.48155586590983,12,2019,04,12
NA,NA,B,38.022820748861164,-78.48315966093921,12,2019,04,12
NA,NA,B,38.02406196225565,-78.48650462790438,12,2020,04,12
NA,NA,B,38.01874931961541,-78.49376555740253,12,2019,08,12
NA,NA,B,38.021508948588895,-78.4900831809392,12,2019,08,12
NA,NA,B,38.021131307510394,-78.49103931697833,12,2019,12,12
NA,NA,B,38.021244368173605,-78.4872354939336,12,2019,12,12
NA,NA,B,38.0190816145209,-78.48618380078983,12,2019,02,12
NA,NA,B,38.027441548011424,-78.4838174028605,12,2019,02,12
NA,NA,B,38.0250182994791,-78.4853748023699,12,2019,02,12
NA,NA,B,38.0164706625669,-78.49419496411005,12,2019,02,12
NA,NA,B,38.02501589153774,-78.488854332861,12,2020,02,12
NA,NA,B,38.02223632466079,-78.4924712950097,12,2020,01,12
NA,NA,B,38.01819176113595,-78.49270310858385,12,2020,01,12
NA,NA,B,38.02334281052055,-78.48476926251857,12,2019,07,12
NA,NA,B,38.01945576207037,-78.49398443513195,12,2019,06,12
NA,NA,B,38.02046594950583,-78.48919980087055,12,2019,06,12
NA,NA,B,38.024802869174366,-78.49013612664463,12,2019,06,12
NA,NA,B,38.02290609495599,-78.48709975554077,12,2019,03,12
NA,NA,B,38.02506318032319,-78.48232199727566,12,2019,03,12
NA,NA,B,38.0191269139783,-78.49371241075602,12,2019,05,12
NA,NA,B,38.024938924551414,-78.48248980220404,12,2019,05,12
NA,NA,B,38.018406413386955,-78.48832891021218,12,2019,05,12
NA,NA,B,38.02387791706652,-78.49108220172639,12,2019,11,12
NA,NA,B,38.02483885164661,-78.49046302632351,12,2019,11,12
NA,NA,B,38.01992986346815,-78.48772616226807,12,2019,09,12
NA,NA,W,38.01793925385146,-78.49526753930297,12,2020,04,12
NA,NA,W,38.023424222973134,-78.4882350012449,12,2020,04,12
NA,NA,W,38.02417953632321,-78.4852485998556,12,2019,08,12
NA,NA,W,38.020662487554084,-78.487271192578,12,2019,08,12
NA,NA,W,38.026501053185484,-78.48707581135751,12,2019,12,12
NA,NA,W,38.02296236605552,-78.487183910114,12,2019,02,12
NA,NA,W,38.017593155175106,-78.49238908545738,12,2020,01,12
NA,NA,W,38.02013458064837,-78.4903722093475,12,2019,11,12
NA,NA,W,38.01983798749857,-78.48487196620857,12,2019,10,12
NA,NA,W,38.02109285209787,-78.48563210124944,12,2019,10,12
NA,NA,B,38.02657431316365,-78.48769668414106,13,2019,04,13
NA,NA,B,38.02685418284955,-78.49249526396281,13,2019,04,13
NA,NA,B,38.026148157886055,-78.4918738695783,13,2019,04,13
NA,NA,B,38.02828293248519,-78.50466053211203,13,2020,04,13
NA,NA,B,38.030628694854244,-78.49438336585344,13,2020,04,13
NA,NA,B,38.0278678376092,-78.48913649543724,13,2019,08,13
NA,NA,B,38.029907972767866,-78.48793416204484,13,2019,08,13
NA,NA,B,38.02832938398684,-78.50241243921673,13,2019,08,13
NA,NA,B,38.02870621260009,-78.48815428968035,13,2019,12,13
NA,NA,B,38.026586456498876,-78.49290648750453,13,2019,12,13
NA,NA,B,38.03025081196369,-78.49625672782088,13,2019,02,13
NA,NA,B,38.02774760431623,-78.5027565519923,13,2020,02,13
NA,NA,B,38.029855016441,-78.49945845661874,13,2020,02,13
NA,NA,B,38.02666339697745,-78.48968645189629,13,2020,01,13
NA,NA,B,38.02694273249254,-78.48990868274558,13,2020,01,13
NA,NA,B,38.026406608446536,-78.4945313097782,13,2019,07,13
NA,NA,B,38.026175924422745,-78.49866908883894,13,2019,07,13
NA,NA,B,38.028179626228756,-78.49618414469606,13,2019,09,13
NA,NA,W,38.02683475921244,-78.50110017514942,13,2019,04,13
NA,NA,W,38.026875114201346,-78.49233059423439,13,2019,04,13
NA,NA,W,38.02802997619925,-78.49203899061467,13,2019,02,13
NA,NA,W,38.02443223782194,-78.50335142818513,13,2020,02,13
NA,NA,W,38.027059349407494,-78.48937295385524,13,2019,06,13
NA,NA,W,38.027007865673134,-78.50110925431737,13,2019,09,13
NA,NA,B,38.030083304778266,-78.49977951213029,14,2020,03,14
NA,NA,B,38.03004725101798,-78.50905859286598,14,2019,09,14
NA,NA,W,38.0308821838639,-78.50119988665959,14,2020,02,14
NA,NA,W,38.02673345116603,-78.51971276442939,14,2019,05,14
NA,NA,W,38.028749720303324,-78.5049776965167,14,2019,05,14
NA,NA,W,38.03044599572194,-78.50145809138952,14,2019,09,14
NA,NA,W,38.0260597962528,-78.51686965405044,14,2019,09,14
NA,NA,W,38.02885961114792,-78.51093920354008,14,2019,09,14
NA,NA,B,38.035217450282616,-78.4999423343668,15,2019,04,15
NA,NA,B,38.035676653733816,-78.50095520965269,15,2019,08,15
NA,NA,B,38.03722340289077,-78.50038614536469,15,2019,08,15
NA,NA,B,38.036220696942976,-78.50124294634898,15,2019,12,15
NA,NA,B,38.03606533546161,-78.50069461277657,15,2019,02,15
NA,NA,B,38.036121496887574,-78.50034667670936,15,2019,02,15
NA,NA,B,38.03669648128292,-78.50100626451386,15,2020,01,15
NA,NA,B,38.03642215519083,-78.50004559654619,15,2019,07,15
NA,NA,B,38.03684806402395,-78.5008079633039,15,2019,07,15
NA,NA,B,38.03460274366082,-78.49996764750472,15,2019,07,15
NA,NA,B,38.03666122115119,-78.50016430677066,15,2019,03,15
NA,NA,B,38.03456641766304,-78.50012753734426,15,2019,03,15
NA,NA,B,38.03446210638214,-78.49948307404296,15,2019,03,15
NA,NA,B,38.03468126707955,-78.49922057525512,15,2019,03,15
NA,NA,B,38.03408773610048,-78.49956178584308,15,2019,03,15
NA,NA,B,38.035737344285515,-78.5008770287789,15,2019,03,15
NA,NA,B,38.0361879611146,-78.50092499819478,15,2020,03,15
NA,NA,B,38.037347251097124,-78.50022923389878,15,2019,05,15
NA,NA,B,38.036356258504696,-78.50100692705672,15,2019,11,15
NA,NA,B,38.03689279658897,-78.50049553823521,15,2019,10,15
NA,NA,B,38.03728728804466,-78.50030378833955,15,2019,10,15
NA,NA,B,38.03666749712056,-78.50061183975262,15,2019,09,15
NA,NA,B,38.03411343956524,-78.49967371374254,15,2019,09,15
NA,NA,B,38.03567727228802,-78.50052550045328,15,2019,09,15
NA,NA,W,38.036300927814885,-78.50034900145525,15,2019,04,15
NA,NA,W,38.0361764016031,-78.5009809930258,15,2019,08,15
NA,NA,W,38.03474411247804,-78.49992886741904,15,2019,08,15
NA,NA,W,38.034556116934624,-78.49985575212284,15,2019,08,15
NA,NA,W,38.03489728486577,-78.49937515668879,15,2019,12,15
NA,NA,W,38.03559993746337,-78.50022872695881,15,2019,02,15
NA,NA,W,38.034785379409506,-78.49992081737929,15,2019,02,15
NA,NA,W,38.0350459113694,-78.50000266271327,15,2019,02,15
NA,NA,W,38.03598876026283,-78.50122889025903,15,2020,02,15
NA,NA,W,38.034657319578415,-78.49929443201334,15,2020,02,15
NA,NA,W,38.036292240958616,-78.50072195617848,15,2020,01,15
NA,NA,W,38.03505523760241,-78.5004054012387,15,2019,07,15
NA,NA,W,38.03467840357018,-78.49985839091434,15,2019,07,15
NA,NA,W,38.035761835503564,-78.50026270368389,15,2019,07,15
NA,NA,W,38.03673268545875,-78.50098945029053,15,2019,07,15
NA,NA,W,38.035325269977236,-78.5000742538356,15,2019,06,15
NA,NA,W,38.0362402061332,-78.49995983383296,15,2019,06,15
NA,NA,W,38.034674796558654,-78.50000061073987,15,2019,06,15
NA,NA,W,38.03562414101416,-78.50086460442205,15,2019,06,15
NA,NA,W,38.03673256924092,-78.50063872500226,15,2019,06,15
NA,NA,W,38.034821007831695,-78.49995732013173,15,2019,03,15
NA,NA,W,38.03418504678497,-78.49940048836108,15,2019,03,15
NA,NA,W,38.03458867936718,-78.49924442830141,15,2019,03,15
NA,NA,W,38.03716969070119,-78.50034968221392,15,2020,03,15
NA,NA,W,38.0361627271418,-78.50030192354755,15,2019,11,15
NA,NA,W,38.035246666296274,-78.50063007558722,15,2019,11,15
NA,NA,W,38.03614526948578,-78.50100986379822,15,2019,10,15
NA,NA,W,38.03484169274623,-78.4998437987081,15,2019,10,15
NA,NA,W,38.036720521251276,-78.50094050288067,15,2019,10,15
NA,NA,W,38.036789533136854,-78.50018022261942,15,2019,10,15
NA,NA,W,38.03667758368617,-78.50072475806584,15,2019,10,15
NA,NA,W,38.03718783648143,-78.50066850679285,15,2019,09,15
NA,NA,W,38.036749591427345,-78.5007201442589,15,2019,09,15
NA,NA,B,38.03761941178563,-78.50263455294152,16,2019,04,16
NA,NA,B,38.04070691834774,-78.49864123697202,16,2019,04,16
NA,NA,B,38.03551176689922,-78.49861354613529,16,2020,04,16
NA,NA,B,38.04976141819539,-78.49744185560968,16,2019,12,16
NA,NA,B,38.040870583204374,-78.50465728737714,16,2020,01,16
NA,NA,B,38.04091089129416,-78.5006389476942,16,2020,01,16
NA,NA,B,38.040269923586756,-78.50233465845517,16,2020,01,16
NA,NA,B,38.04210281229087,-78.49590360253266,16,2019,07,16
NA,NA,B,38.04167755347617,-78.49507532410162,16,2019,07,16
NA,NA,B,38.04266973173903,-78.50206289076934,16,2020,03,16
NA,NA,B,38.03903376392777,-78.50230678811069,16,2019,05,16
NA,NA,B,38.04252027266946,-78.49669473246972,16,2019,10,16
NA,NA,B,38.039291908178285,-78.49927263498975,16,2019,10,16
NA,NA,B,38.042489968943805,-78.49888119402993,16,2019,10,16
NA,NA,B,38.04600252031584,-78.5012060461805,16,2019,10,16
NA,NA,B,38.039107636116434,-78.5041950567809,16,2019,09,16
NA,NA,W,38.039495708980645,-78.50430251819077,16,2020,04,16
NA,NA,W,38.04943867804623,-78.49771271961299,16,2019,02,16
NA,NA,W,38.05009962221866,-78.49963511604506,16,2020,02,16
NA,NA,W,38.04426599804203,-78.50162887619204,16,2020,01,16
NA,NA,W,38.051639477726766,-78.49948948298736,16,2019,11,16
NA,NA,W,38.04006289197081,-78.49497955989489,16,2019,11,16
NA,NA,W,38.04565989746011,-78.4965539879211,16,2019,10,16
NA,NA,W,38.04791651225382,-78.49705278435174,16,2019,10,16
NA,NA,B,38.04386268675522,-78.49249333457222,17,2019,04,17
NA,NA,B,38.04199522088525,-78.48946116993442,17,2020,02,17
NA,NA,B,38.04543268102885,-78.48893854590774,17,2020,02,17
NA,NA,B,38.044663195162485,-78.49041096686267,17,2019,05,17
NA,NA,B,38.04220623930269,-78.48815450883944,17,2019,05,17
NA,NA,B,38.045347407735896,-78.4700382854718,18,2020,04,18
NA,NA,B,38.05014809430255,-78.45662941838917,18,2020,01,18
NA,NA,B,38.05228586989846,-78.47204276055442,18,2020,01,18
NA,NA,B,38.0417111239381,-78.46457292112481,18,2019,10,18
NA,NA,W,38.039313848301504,-78.46927168864413,18,2019,04,18
NA,NA,W,38.05104362788963,-78.45520623806367,18,2019,12,18
NA,NA,W,38.04631894349911,-78.45076718341772,18,2019,12,18
NA,NA,W,38.04392379928203,-78.4690622834636,18,2019,12,18
NA,NA,W,38.05671788816322,-78.44979486263166,18,2020,02,18
NA,NA,W,38.045386258813885,-78.46618103371156,18,2020,01,18
NA,NA,W,38.04557032392212,-78.47298888927318,18,2020,01,18
NA,NA,W,38.040072472353295,-78.46386210246531,18,2020,03,18
NA,NA,W,38.043660997526416,-78.46210732805024,18,2019,05,18
NA,NA,W,38.04881645087153,-78.4494932692359,18,2019,05,18
NA,NA,W,38.0492264247105,-78.45143630589367,18,2019,05,18
NA,NA,W,38.04499608415476,-78.459389638725,19,2020,04,19
NA,NA,W,38.03735968628109,-78.45976091642697,19,2020,02,19
NA,NA,W,38.038332175304475,-78.45735380214683,19,2019,03,19
NA,NA,W,38.04253469733459,-78.45853941883581,19,2020,03,19
NA,NA,W,38.04096611554736,-78.46133881376475,19,2019,11,19
NA,NA,W,38.04274162210759,-78.45593531019867,19,2019,10,19
NA,NA,W,38.03815883022451,-78.45580598169597,19,2019,10,19
NA,NA,W,38.036708952608365,-78.45781556001955,19,2019,10,19
NA,NA,B,38.02235301361939,-78.46579775248092,20,2020,04,20
NA,NA,B,38.027562253502595,-78.45742665210497,20,2020,04,20
NA,NA,B,38.024740566741634,-78.4629903461222,20,2019,08,20
NA,NA,B,38.026975021270985,-78.45671355515094,20,2019,02,20
NA,NA,B,38.02302414876923,-78.4626555248812,20,2020,02,20
NA,NA,W,38.02693525060025,-78.45517776352744,20,2019,08,20
NA,NA,W,38.02825006757556,-78.45406092589312,20,2019,12,20
NA,NA,W,38.022112154602034,-78.45597248478585,20,2019,02,20
NA,NA,W,38.0225646452122,-78.46232921956619,20,2020,01,20
NA,NA,W,38.02687203141972,-78.45744476729453,20,2019,07,20
NA,NA,W,38.027016081489634,-78.4641357888447,20,2019,03,20
NA,NA,W,38.02821756556106,-78.45811822682286,20,2019,03,20
NA,NA,B,38.0240391711565,-78.49380359976722,21,2019,08,21
NA,NA,B,38.02193946709163,-78.49598235794838,21,2019,08,21
NA,NA,B,38.01978632567884,-78.49822728242725,21,2019,08,21
NA,NA,B,38.0217050756626,-78.49599329780864,21,2020,02,21
NA,NA,B,38.02380363397313,-78.49655295525203,21,2020,01,21
NA,NA,B,38.019029034190204,-78.49739744487222,21,2020,01,21
NA,NA,B,38.023798609447915,-78.49558294130438,21,2019,03,21
NA,NA,B,38.025659397977606,-78.4923130672301,21,2019,03,21
NA,NA,B,38.02022120153969,-78.49761489318253,21,2019,03,21
NA,NA,B,38.0245516531645,-78.49230199419355,21,2019,03,21
NA,NA,B,38.02556001009859,-78.49348477921203,21,2020,03,21
NA,NA,B,38.02259656574622,-78.49506306457153,21,2019,05,21
NA,NA,B,38.018347774934675,-78.4974027570297,21,2019,05,21
NA,NA,B,38.02111828133642,-78.49605040202051,21,2019,10,21
NA,NA,W,38.020866782292735,-78.49813801062213,21,2019,07,21
NA,NA,W,38.02234761485483,-78.49692219238487,21,2019,11,21
NA,NA,B,38.01966632693142,-78.50442129869953,22,2019,04,22
NA,NA,B,38.01947606952651,-78.50065880893153,22,2019,09,22
NA,NA,W,38.02417261471868,-78.49760068267246,22,2020,02,22
NA,NA,W,38.02143540766255,-78.5084280654969,22,2020,01,22
NA,NA,W,38.02432060260187,-78.50230845134723,22,2019,03,22
NA,NA,W,38.02149274379722,-78.5076764224384,22,2019,03,22
NA,NA,B,38.011529993825775,-78.51015913855204,23,2019,04,23
NA,NA,B,38.01691459033376,-78.51629135658902,23,2020,04,23
NA,NA,B,38.011802524802164,-78.5136170851192,23,2020,04,23
NA,NA,B,38.017375311668836,-78.50593466409249,23,2019,06,23
NA,NA,B,38.01155747725058,-78.5110383561761,23,2019,06,23
NA,NA,W,38.01109111479077,-78.51838343169958,23,2019,04,23
NA,NA,W,38.01636285867287,-78.5114368911257,23,2019,08,23
NA,NA,W,38.02417304400125,-78.5096559275243,23,2019,02,23
NA,NA,W,38.02310508884134,-78.51534633161097,23,2020,02,23
NA,NA,W,38.01436672782806,-78.51470258689201,23,2020,01,23
NA,NA,W,38.02525303150772,-78.51296843423765,23,2019,07,23
NA,NA,W,38.02470356224967,-78.51138273574051,23,2019,07,23
NA,NA,W,38.02121327740026,-78.51059765006563,23,2019,07,23
NA,NA,W,38.01575767967322,-78.5114669011286,23,2019,03,23
NA,NA,W,38.01723876094631,-78.51747428696214,23,2020,03,23
NA,NA,B,38.04053366548443,-78.51467079556807,24,2019,06,24
NA,NA,W,38.037828948672406,-78.51194211315307,24,2019,08,24
NA,NA,W,38.04258087987981,-78.51117723466889,24,2020,02,24
NA,NA,B,38.05501781614763,-78.50783814031365,25,2019,06,25
NA,NA,B,38.05598925913399,-78.4969460525291,25,2019,03,25
NA,NA,B,38.05237118110867,-78.50561964569044,25,2019,11,25
NA,NA,B,38.054537350044356,-78.49783813468464,25,2019,11,25
NA,NA,B,38.05353747814734,-78.49853150098276,25,2019,11,25
NA,NA,B,38.05664634216235,-78.50497114488957,25,2019,09,25
NA,NA,W,38.05624936172779,-78.50047090441164,25,2019,04,25
NA,NA,W,38.050252626571215,-78.50491085314718,25,2019,02,25
NA,NA,W,38.0552031521051,-78.5079454807046,25,2019,06,25
NA,NA,W,38.05599729321987,-78.50684679620497,25,2019,03,25
NA,NA,W,38.053625609078026,-78.5059182349158,25,2020,03,25
NA,NA,B,38.050402966333984,-78.50331568220655,26,2019,02,26
NA,NA,B,38.04993114880466,-78.50323607977717,26,2019,06,26
NA,NA,B,38.05260512079382,-78.4994245180789,26,2019,03,26
NA,NA,W,38.05104963181961,-78.50311756049261,26,2019,04,26
NA,NA,W,38.05120097621087,-78.50191112738901,26,2019,04,26
NA,NA,W,38.0506101672517,-78.50178487329914,26,2019,08,26
NA,NA,W,38.04844667424614,-78.5038070658169,26,2019,12,26
NA,NA,W,38.04909538764772,-78.50353271176994,26,2019,12,26
NA,NA,W,38.05052546426255,-78.50277620761412,26,2019,07,26
NA,NA,W,38.05085283250936,-78.502229342805,26,2019,07,26
NA,NA,W,38.04979405901783,-78.50296189256952,26,2019,06,26
NA,NA,W,38.05200503973101,-78.50041829008856,26,2020,03,26
NA,NA,W,38.052438822870684,-78.49992047774833,26,2020,03,26
NA,NA,W,38.04835723255008,-78.50364011934589,26,2020,03,26
NA,NA,W,38.05091118602141,-78.50328095195478,26,2019,09,26
NA,NA,W,38.04999404741781,-78.50375962423463,26,2019,09,26
NA,NA,B,38.05290740019899,-78.48669765347967,27,2019,04,27
NA,NA,B,38.050627661834326,-78.49405336963802,27,2019,08,27
NA,NA,B,38.04716253738748,-78.49294684658557,27,2020,02,27
NA,NA,B,38.05271123290144,-78.4932300926448,27,2019,03,27
NA,NA,B,38.05353853185444,-78.48969399954173,27,2019,09,27
NA,NA,W,38.05194404657731,-78.48953454850147,27,2019,02,27
NA,NA,W,38.05255297131468,-78.49026603769225,27,2019,05,27
NA,NA,B,38.053633091247576,-78.47409996947493,28,2019,08,28
NA,NA,B,38.05857177178146,-78.47294122448126,28,2019,08,28
NA,NA,B,38.05447294343038,-78.47899596994127,28,2019,08,28
NA,NA,B,38.054941541126865,-78.4807611415066,28,2019,12,28
NA,NA,B,38.059217315175815,-78.47314343047287,28,2019,02,28
NA,NA,B,38.049919369285504,-78.47534831870463,28,2019,02,28
NA,NA,B,38.05585282453997,-78.47319573509822,28,2020,02,28
NA,NA,B,38.05949968403806,-78.47189143441567,28,2019,03,28
NA,NA,B,38.05644978989262,-78.4821784687654,28,2019,05,28
NA,NA,B,38.050671132659446,-78.4759714894086,28,2019,05,28
NA,NA,B,38.055558260302575,-78.47710822776982,28,2019,11,28
NA,NA,B,38.06109263694177,-78.47349527848665,28,2019,10,28
NA,NA,B,38.06443604530394,-78.47685529060143,29,2019,05,29
NA,NA,B,38.06665522638661,-78.46947602454287,29,2019,05,29
NA,NA,B,38.06804913099086,-78.46882863717009,29,2019,05,29
NA,NA,B,38.06695828583905,-78.47096762421067,29,2019,05,29
NA,NA,W,38.06002390897369,-78.4709804950494,29,2020,04,29
NA,NA,W,38.05805505249863,-78.4873545567116,29,2020,04,29
NA,NA,W,38.065866921848986,-78.47050631153286,29,2020,04,29
NA,NA,W,38.065365138091664,-78.46752769510941,29,2019,09,29
NA,NA,B,38.062035627390635,-78.48531382806657,30,2020,04,30
NA,NA,B,38.066553262834255,-78.48187194498189,30,2020,04,30
NA,NA,B,38.06367920111363,-78.4838665851794,30,2019,12,30
NA,NA,B,38.05965968531678,-78.48648558480993,30,2019,02,30
NA,NA,B,38.062663710244216,-78.48914695822397,30,2019,02,30
NA,NA,B,38.05787736344363,-78.48905849974581,30,2019,02,30
NA,NA,B,38.06633584862017,-78.48685391529409,30,2019,07,30
NA,NA,B,38.06280619529554,-78.49047160239672,30,2019,07,30
NA,NA,B,38.05904044881997,-78.48624076991823,30,2019,09,30
NA,NA,B,38.06578664321763,-78.48504737007197,30,2019,09,30
NA,NA,W,38.06263732752801,-78.48657683076183,30,2019,04,30
NA,NA,W,38.05945460796481,-78.48925500120295,30,2019,04,30
NA,NA,W,38.06681985345041,-78.48177055344465,30,2019,12,30
NA,NA,W,38.05936758645018,-78.49051072097794,30,2019,12,30
NA,NA,W,38.060968121024516,-78.48950051607564,30,2019,02,30
NA,NA,W,38.060953865720776,-78.49174012557279,30,2019,02,30
NA,NA,W,38.05761076519113,-78.49108137962926,30,2019,02,30
NA,NA,W,38.067008715035996,-78.48481349212288,30,2019,02,30
NA,NA,W,38.059656019659926,-78.48770816739119,30,2019,02,30
NA,NA,W,38.05879945456894,-78.48796001066493,30,2019,07,30
NA,NA,W,38.063405891904665,-78.48888628129326,30,2019,06,30
NA,NA,W,38.06690208404863,-78.48319480304683,30,2019,11,30
NA,NA,W,38.05815095530037,-78.48918537967336,30,2019,11,30
NA,NA,W,38.06430422908486,-78.4890774717952,30,2019,10,30
NA,NA,W,38.06338091861044,-78.48460138372499,30,2019,09,30
NA,NA,B,38.06173551134702,-78.49768313109773,31,2019,03,31
NA,NA,W,38.06326254512332,-78.4973621097271,31,2019,03,31
NA,NA,W,38.062592172577595,-78.49798193555343,31,2020,03,31
NA,NA,W,38.06129777396385,-78.50062012741004,31,2019,05,31
NA,NA,W,38.057988718778496,-78.49528465675002,31,2019,05,31
NA,NA,W,38.06425727662943,-78.49486090054538,31,2019,05,31
NA,NA,W,38.06085112118928,-78.49710255599724,31,2019,09,31
NA,NA,B,38.016296110596336,-78.49465018202345,32,2019,12,32
NA,NA,B,38.01130311948832,-78.50175390402943,32,2020,01,32
NA,NA,B,38.01424455280038,-78.50030190124228,32,2020,01,32
NA,NA,B,38.01061235108937,-78.5026228968258,32,2020,01,32
NA,NA,B,38.012506946795426,-78.50120626329057,32,2019,05,32
NA,NA,B,38.01034075666987,-78.50445872274763,32,2019,10,32
NA,NA,W,38.016683268605334,-78.4963328780322,32,2019,02,32
NA,NA,W,38.013194298484606,-78.50148494516668,32,2020,02,32
NA,NA,W,38.01439469721681,-78.499573803628,32,2019,07,32
NA,NA,W,38.010969919392906,-78.50434179220325,32,2019,03,32
NA,NA,W,38.013098884999614,-78.49884249334465,32,2020,03,32
NA,NA,W,38.01698599281872,-78.49519651025899,32,2019,05,32
NA,NA,W,38.01006216954128,-78.50433053640577,32,2019,05,32
NA,NA,W,38.01310158731488,-78.50043294901211,32,2019,11,32
NA,NA,W,38.01687884583854,-78.4972788282124,32,2019,10,32
NA,NA,W,38.0141073785564,-78.4989666875558,32,2019,09,32
NA,NA,B,38.013167395856776,-78.50632220804219,33,2020,04,33
NA,NA,W,38.01115145954314,-78.50619690471366,33,2019,08,33
NA,NA,W,38.014552544303,-78.50066070154608,33,2019,07,33
NA,NA,W,38.01053680879666,-78.50577242017052,33,2019,06,33
STOP WITH SEARCH OR FRISK,Narcotics Investigation,B,38.02869157535408,-78.4947629781771,13,2017,NA,13
STOP WITH SEARCH OR FRISK,Narcotics Investigation,W,38.025832320257194,-78.48128551877633,11,2017,NA,11
STOP WITH SEARCH OR FRISK,Narcotics Investigation,B,38.02302102491695,-78.45937477973813,20,2017,NA,20
STOP WITH SEARCH OR FRISK,Narcotics Investigation,B,38.024821641615404,-78.4822501097917,12,2017,NA,12
STOP WITH SEARCH OR FRISK,Narcotics Investigation,B,38.02992330227812,-78.4897710488734,13,2017,NA,13
STOP WITH SEARCH OR FRISK,Narcotics Investigation,B,38.040941948221175,-78.50161810811223,16,2017,NA,16
STOP WITH SEARCH OR FRISK,Disorder,B,38.0284584957604,-78.51396666324926,14,2017,NA,14
STOP WITH SEARCH OR FRISK,Narcotics Investigation,W,38.03325420837552,-78.49643493967399,03,2017,NA,3
STOP WITH SEARCH OR FRISK,Narcotics Investigation,B,38.027112820315956,-78.50190628065641,13,2017,NA,13
STOP WITH SEARCH OR FRISK,Narcotics Investigation,W,38.028632440541855,-78.47793984760844,02,2017,NA,2
STOP WITH SEARCH OR FRISK,Narcotics Investigation,W,38.03209832553483,-78.4826499022977,02,2017,NA,2
Search WITHOUT Stop-Frisk,Disorder,B,38.0175434965893,-78.493972703354,12,2017,NA,12
Search WITHOUT Stop-Frisk,Suspicious Circumstances,B,38.03083827572199,-78.49208921469243,03,2017,NA,3
STOP WITH SEARCH OR FRISK,Narcotics Investigation,B,38.048043164011034,-78.49657511014689,16,2017,NA,16
STOP WITH SEARCH OR FRISK,Narcotics Investigation,W,38.0203260946766,-78.49794413426021,21,2017,NA,21
Search WITHOUT Stop-Frisk,Suspicious Circumstances,B,38.019888236095255,-78.4979480249957,21,2017,NA,21
STOP WITH SEARCH OR FRISK,Narcotics Investigation,B,38.023248379283935,-78.48302675851673,12,2017,NA,12
Search WITHOUT Stop-Frisk,Disorder,W,38.0369920928556,-78.50039111280508,15,2017,NA,15
STOP WITH SEARCH OR FRISK,Narcotics Investigation,B,38.02384144129889,-78.49332512316032,21,2017,NA,21
STOP WITH SEARCH OR FRISK,Narcotics Investigation,B,38.02724526748793,-78.50291177400474,13,2017,NA,13
STOP WITH SEARCH OR FRISK,Narcotics Investigation,W,38.02397915876849,-78.45557317139004,20,2017,NA,20
STOP WITH SEARCH OR FRISK,Narcotics Investigation,W,38.020485246597836,-78.48468013393384,12,2017,NA,12
Search WITHOUT Stop-Frisk,Assault -Simple,W,38.03380566067219,-78.49636023434212,03,2017,NA,3
STOP WITH SEARCH OR FRISK,Narcotics Investigation,B,38.0216598751809,-78.49066920173635,12,2017,NA,12
STOP WITH SEARCH OR FRISK,Narcotics Investigation,B,38.028670552508565,-78.49650488080131,13,2017,NA,13
STOP WITH SEARCH OR FRISK,Narcotics Investigation,W,38.02253132423932,-78.49600650130841,21,2017,NA,21
STOP WITH SEARCH OR FRISK,Narcotics Investigation,B,38.02007246197409,-78.49039886300312,12,2017,NA,12
STOP WITH SEARCH OR FRISK,Narcotics Investigation,B,38.02422759656743,-78.47095408584043,10,2017,NA,10
STOP WITH SEARCH OR FRISK,Narcotics Investigation,B,38.02383289183758,-78.49266150861885,21,2017,NA,21
STOP WITH SEARCH OR FRISK,Narcotics Investigation,W,38.02644011324585,-78.456532443049,20,2017,NA,20
STOP WITH SEARCH OR FRISK,Narcotics Investigation,B,38.026343393748654,-78.46184515187666,20,2017,NA,20
STOP WITH SEARCH OR FRISK,Narcotics Investigation,B,38.01864312950588,-78.4921175187119,12,2017,NA,12
STOP WITH SEARCH OR FRISK,Narcotics Investigation,W,38.02446459170631,-78.4589456780922,20,2017,NA,20
STOP WITH SEARCH OR FRISK,Disorder,W,38.01652867675626,-78.50417568855637,33,2017,NA,33
Search WITHOUT Stop-Frisk,Supsicious Circumstance,W,38.033443199023,-78.49194003203134,03,2017,NA,3
Search WITHOUT Stop-Frisk,Assault -Simple,W,38.03482665386346,-78.4989589427171,03,2017,NA,3
STOP WITH SEARCH OR FRISK,Narcotics Investigation,B,38.02876645385442,-78.47796710622482,02,2017,NA,2
STOP WITH SEARCH OR FRISK,Narcotics Investigation,W,38.0188050779383,-78.48471997841469,10,2017,NA,10
STOP WITH SEARCH OR FRISK,Narcotics Investigation,W,38.01644973635821,-78.47249285021961,10,2017,NA,10
Search WITHOUT Stop-Frisk,Suspicious Circumstances,B,38.029370053295594,-78.48126606986727,02,2017,NA,2
Search WITHOUT Stop-Frisk,Suspicious Circumstances,W,38.03054829109128,-78.48477544423078,02,2017,NA,2
Search WITHOUT Stop-Frisk,Drunkeness,B,38.030254626875944,-78.4873048744795,03,2017,NA,3
STOP WITH SEARCH OR FRISK,Assist - Mental Health,W,38.032880051783835,-78.49841777250813,03,2017,NA,3
STOP WITH SEARCH OR FRISK,Suspicious Circumstance,B,38.021409389819574,-78.4756568932621,10,2017,NA,10
STOP WITH SEARCH OR FRISK,Narcotics Investigation,B,38.02406484082216,-78.48708553271263,12,2017,NA,12
Search WITHOUT Stop-Frisk,Disorder,W,38.0321043486854,-78.48281681344803,01,2017,NA,1
Search WITHOUT Stop-Frisk,Disorder,B,38.025011623436626,-78.4859280837345,12,2017,NA,12
STOP WITH SEARCH OR FRISK,Narcotics Investigation,B,38.01842531495621,-78.47397521455878,10,2017,NA,10
Search WITHOUT Stop-Frisk,Trespass,B,38.02162868220339,-78.47645273461319,10,2017,NA,10
STOP WITH SEARCH OR FRISK,Traffic Violation,B,38.03022301448741,-78.47832787156507,01,2017,NA,1
STOP WITH SEARCH OR FRISK,Disorder,B,38.030024970069725,-78.48500815004746,02,2017,NA,2
STOP WITH SEARCH OR FRISK,Narcotics Investigation,B,38.032919267717645,-78.48713492623897,03,2017,NA,3
STOP WITH SEARCH OR FRISK,Narcotics Investigation,W,38.019960725074476,-78.48173791568281,10,2017,NA,10
STOP WITH SEARCH OR FRISK,Narcotics Investigation,B,38.02755308262631,-78.49505240194902,13,2017,NA,13
STOP WITH SEARCH OR FRISK,Narcotics Investigation,B,38.01358614789207,-78.50369174286969,33,2017,NA,33
Search WITHOUT Stop-Frisk,Narcotics Investigation,W,38.04050138399206,-78.49685830442169,16,2017,NA,16
STOP WITH SEARCH OR FRISK,Weapons Law Violation,B,38.03284333766995,-78.49136525291192,03,2017,NA,3
STOP WITH SEARCH OR FRISK,Narcotics Investigation,W,38.02372156260066,-78.47780374617807,10,2017,NA,10
STOP WITH SEARCH OR FRISK,Narcotics Investigation,B,38.035431887068995,-78.49417096051293,03,2017,NA,3
STOP WITH SEARCH OR FRISK,Narcotics Investigation,B,38.02547484499826,-78.49578898886135,13,2017,NA,13
STOP WITH SEARCH OR FRISK,Narcotics Investigation,W,38.02196020363076,-78.49561679651019,21,2017,NA,21
STOP WITH SEARCH OR FRISK,Narcotics Investigation,B,38.022519489882754,-78.47292899319385,10,2017,NA,10
Search WITHOUT Stop-Frisk,Narcotics Investigation,B,38.041225818871006,-78.49872419303932,16,2017,NA,16
STOP WITH SEARCH OR FRISK,Narcotics Investigation,W,38.040101272279955,-78.48829664233145,06,2017,NA,6
STOP WITH SEARCH OR FRISK,Narcotics Investigation,B,38.04677101818877,-78.49783270215781,16,2017,NA,16
STOP WITH SEARCH OR FRISK,Narcotics Investigation,B,38.02779757584946,-78.49959761285994,13,2017,NA,13
STOP WITH SEARCH OR FRISK,Narcotics Investigation,B,38.03650958569794,-78.49260997892111,05,2017,NA,5
STOP WITH SEARCH OR FRISK,Narcotics Investigation,B,38.0259277255213,-78.50375541336817,13,2017,NA,13
STOP WITH SEARCH OR FRISK,Narcotics Investigation,B,38.02811039618524,-78.48735900633903,13,2017,NA,13
STOP WITH SEARCH OR FRISK,Narcotics Investigation,B,38.026367118135276,-78.4939289585857,13,2017,NA,13
STOP WITH SEARCH OR FRISK,Narcotics Investigation,B,38.02504480614673,-78.49013409842328,12,2017,NA,12
STOP WITH SEARCH OR FRISK,Disorder,B,38.03345050491579,-78.48437319879098,02,2017,NA,2
STOP WITH SEARCH OR FRISK,Disorder,B,38.03054227232014,-78.4802450306665,01,2017,NA,1
STOP WITH SEARCH OR FRISK,Trespass,B,38.03094488625901,-78.47472527861764,02,2017,NA,2
STOP WITH SEARCH OR FRISK,Suspicious Circumstance,W,38.03694183844658,-78.49030296488256,05,2017,NA,5
Search WITHOUT Stop-Frisk,Narcotics Investigation,B,38.03535398699542,-78.49364064289652,05,2017,NA,5
STOP WITH SEARCH OR FRISK,Narcotics Investigation,B,38.029210567434795,-78.48312885463356,02,2017,NA,2
STOP WITH SEARCH OR FRISK,Narcotics Investigation,W,38.01914499327044,-78.49672172373293,21,2017,NA,21
STOP WITH SEARCH OR FRISK,Narcotics Investigation,B,38.02692951015849,-78.48665880224809,12,2017,NA,12
STOP WITH SEARCH OR FRISK,Assault - Intimidation,B,38.043198019920396,-78.46692090083008,18,2017,NA,18
STOP WITH SEARCH OR FRISK,Disorder,B,38.02023985887894,-78.4865431337338,12,2017,NA,12
Search WITHOUT Stop-Frisk,Trespass,B,38.0241245376513,-78.4749071749681,10,2017,NA,10
STOP WITH SEARCH OR FRISK,Suspicious Circumstance,W,38.06188490832184,-78.49801388274655,31,2017,NA,31
STOP WITH SEARCH OR FRISK,Narcotics Investigation,B,38.02321087733272,-78.49249093420951,12,2017,NA,12
STOP WITH SEARCH OR FRISK,Assist Rescue,B,38.06056937166566,-78.49827577686428,31,2017,NA,31
Search WITHOUT Stop-Frisk,Aggravated Assault,B,38.01499614070853,-78.47825769539209,10,2017,NA,10
STOP WITH SEARCH OR FRISK,Narcotics Investigation,B,38.027459014667144,-78.50125543140217,13,2017,NA,13
STOP WITH SEARCH OR FRISK,Narcotics Investigation,B,38.016625619258626,-78.49294353025391,12,2017,NA,12
STOP WITH SEARCH OR FRISK,Narcotics Investigation,B,38.03440807764997,-78.49554831800886,03,2017,NA,3
STOP WITH SEARCH OR FRISK,Narcotics Investigation,B,38.01792008542093,-78.49090416184382,12,2017,NA,12
STOP WITH SEARCH OR FRISK,Narcotics Investigation,B,38.03310202760593,-78.49214146535662,03,2017,NA,3
STOP WITH SEARCH OR FRISK,Disorder,B,38.030376738202285,-78.48239900298668,01,2017,NA,1
STOP WITH SEARCH OR FRISK,Narcotics Investigation,W,38.02114839220277,-78.49588199843598,21,2017,NA,21
STOP WITH SEARCH OR FRISK,Narcotics Investigation,B,38.0360191468264,-78.48503662856538,06,2017,NA,6
STOP WITH SEARCH OR FRISK,Narcotics Investigation,B,38.02364091601696,-78.46655228709027,20,2017,NA,20
Search WITHOUT Stop-Frisk,Suspicious Circumstances,W,38.03005489647525,-78.48639443010745,02,2017,NA,2
Search WITHOUT Stop-Frisk,Assault - Simple,B,38.018580255549715,-78.49141822502725,12,2017,NA,12
STOP WITH SEARCH OR FRISK,Narcotics Investigation,B,38.01938782081307,-78.47319397231247,10,2017,NA,10
STOP WITH SEARCH OR FRISK,Narcotics Investigation,W,38.029500069196395,-78.4832087437927,02,2017,NA,2
Search WITHOUT Stop-Frisk,Drunkeness,W,38.02900697385902,-78.47646921809823,01,2017,NA,1
STOP WITH SEARCH OR FRISK,Narcotics Investigation,B,38.04734692638206,-78.49881611754718,16,2017,NA,16
Search WITHOUT Stop-Frisk,Robbery,B,38.046649115401095,-78.49921046719456,16,2017,NA,16
STOP WITH SEARCH OR FRISK,Narcotics Investigation,B,38.01694961102814,-78.49380948531363,12,2017,NA,12
STOP WITH SEARCH OR FRISK,Traffic Stop,B,38.02562070531345,-78.48632024002102,12,2017,NA,12
STOP WITH SEARCH OR FRISK,Narcotics Investigation,B,38.03603961794247,-78.49703612511948,16,2017,NA,16
STOP WITH SEARCH OR FRISK,Narcotics Investigation,B,38.029242253910695,-78.47956363803726,02,2017,NA,2
STOP WITH SEARCH OR FRISK,Narcotics Investigation,B,38.0199706549457,-78.49891724782583,21,2017,NA,21
Search WITHOUT Stop-Frisk,Disorder,B,38.02037014336046,-78.48704125950792,12,2017,NA,12
Search WITHOUT Stop-Frisk,Robbery,W,38.04052638799475,-78.49522640811304,16,2017,NA,16
STOP WITH SEARCH OR FRISK,Narcotics Investigation,B,38.019851768004806,-78.48666043765459,12,2017,NA,12
STOP WITH SEARCH OR FRISK,Narcotics Investigation,B,38.03220238273827,-78.48531402196966,02,2017,NA,2
Search WITHOUT Stop-Frisk,Disorder,B,38.06308617541004,-78.49634553629588,31,2017,NA,31
STOP WITH SEARCH OR FRISK,Narcotics Investigation,B,38.019581734516365,-78.4805348211736,10,2017,NA,10
STOP WITH SEARCH OR FRISK,Trespass,B,38.0248981284227,-78.48379413180203,12,2017,NA,12
STOP WITH SEARCH OR FRISK,Traffic Accident,B,38.02157551252498,-78.48409875827134,12,2017,NA,12
STOP WITH SEARCH OR FRISK,Traffic Stop,B,38.0182037659249,-78.48817266190723,12,2017,NA,12
STOP WITH SEARCH OR FRISK,Narcotics Investigation,B,38.0345533445723,-78.48981650037014,05,2017,NA,5
STOP WITH SEARCH OR FRISK,Narcotics Investigation,B,38.038827444200855,-78.49112969728185,05,2017,NA,5
STOP WITH SEARCH OR FRISK,Narcotics Investigation,B,38.015088947576494,-78.47521956036852,10,2017,NA,10
STOP WITH SEARCH OR FRISK,Narcotics Investigation,B,38.02198012062027,-78.48684112098769,12,2017,NA,12
Search WITHOUT Stop-Frisk,Suspicious Circumstances,W,38.03341871217359,-78.49899839503746,03,2017,NA,3
STOP WITH SEARCH OR FRISK,Suspicious Circumstance,B,38.04117706620997,-78.48475478980158,06,2017,NA,6
STOP WITH SEARCH OR FRISK,Narcotics Investigation,B,38.0179526452832,-78.48836320054745,12,2017,NA,12
STOP WITH SEARCH OR FRISK,Disorder,W,38.05218271229326,-78.47791523669,28,2017,NA,28
Search WITHOUT Stop-Frisk,Assault,B,38.02376559771562,-78.49437373582329,21,2017,NA,21
STOP WITH SEARCH OR FRISK,Narcotics Investigation,B,38.03898566511588,-78.49820445587947,16,2017,NA,16
STOP WITH SEARCH OR FRISK,Narcotics Investigation,B,38.02845793627095,-78.49897067172745,13,2017,NA,13
STOP WITH SEARCH OR FRISK,Narcotics Investigation,B,38.028498999483595,-78.49635270319384,13,2017,NA,13
STOP WITH SEARCH OR FRISK,Narcotics Investigation,W,38.03332581350371,-78.49291926435306,03,2017,NA,3
STOP WITH SEARCH OR FRISK,Narcotics Investigation,W,38.023864863831925,-78.46647164005574,20,2017,NA,20
Search WITHOUT Stop-Frisk,Suspicious Circumstances,W,38.01758311018396,-78.49756079398303,22,2017,NA,22
STOP WITH SEARCH OR FRISK,Narcotics Investigation,B,38.026572075809916,-78.48386120444914,12,2017,NA,12
STOP WITH SEARCH OR FRISK,Narcotics Investigation,W,38.01816430228848,-78.4941221129701,12,2017,NA,12
STOP WITH SEARCH OR FRISK,Narcotics Investigation,B,38.03492775876328,-78.49383113700715,03,2017,NA,3
STOP WITH SEARCH OR FRISK,Suspicious Circumstance,B,38.03155589680989,-78.48150593638732,01,2017,NA,1
STOP WITH SEARCH OR FRISK,Narcotics Investigation,B,38.02806126169965,-78.50421280055727,13,2017,NA,13
STOP WITH SEARCH OR FRISK,Narcotics Investigation,W,38.024957552428646,-78.4712315525841,10,2017,NA,10
STOP WITH SEARCH OR FRISK,Shots Fired,B,38.028569158307796,-78.48180365677916,11,2017,NA,11
STOP WITH SEARCH OR FRISK,Narcotics Investigation,B,38.02066219579695,-78.48639760757563,12,2017,NA,12
STOP WITH SEARCH OR FRISK,Narcotics Investigation,B,38.03156429172717,-78.48744055904253,03,2017,NA,3
STOP WITH SEARCH OR FRISK,Narcotics Investigation,W,38.02264223949917,-78.49067561460502,12,2017,NA,12
STOP WITH SEARCH OR FRISK,Narcotics Investigation,W,38.04064410331774,-78.50251319448236,16,2017,NA,16
STOP WITH SEARCH OR FRISK,Narcotics Investigation,B,38.01834240235458,-78.4860558480002,12,2017,NA,12
STOP WITH SEARCH OR FRISK,Narcotics Investigation,B,38.017681256027515,-78.49171635060996,12,2017,NA,12
STOP WITH SEARCH OR FRISK,Narcotics Investigation,W,38.031223288113935,-78.48476540826918,02,2017,NA,2
Search WITHOUT Stop-Frisk,Assault - Simple,B,38.044198672205376,-78.49245822729391,17,2017,NA,17
STOP WITH SEARCH OR FRISK,Narcotics Investigation,B,38.03566099961199,-78.49912316329365,16,2017,NA,16
Search WITHOUT Stop-Frisk,Drunkeness,W,38.03058477923357,-78.48234027717734,01,2017,NA,1
STOP WITH SEARCH OR FRISK,Narcotics Investigation,B,38.03276227777082,-78.4865041888405,05,2017,NA,5
STOP WITH SEARCH OR FRISK,Narcotics Investigation,W,38.033707523975906,-78.49830157573672,03,2017,NA,3
STOP WITH SEARCH OR FRISK,Narcotics Investigation,B,38.02785149561994,-78.49319473766339,13,2017,NA,13
STOP WITH SEARCH OR FRISK,Narcotics Investigation,B,38.03611108512784,-78.48759634394038,05,2017,NA,5
Search WITHOUT Stop-Frisk,NA,B,38.026778434858464,-78.48184036864785,11,2017,NA,11
STOP WITH SEARCH OR FRISK,Shots Fired,B,38.031127901410464,-78.48304546335237,02,2016,03,2
STOP WITH SEARCH OR FRISK,Assault - Aggravated,B,38.03406383149572,-78.47087669049895,08,2016,10,8
Search WITHOUT Stop-Frisk,Supsicious Circumstance,W,38.03065011481893,-78.4807250503221,01,2016,03,1
STOP WITH SEARCH OR FRISK,Suspicious,W,38.036117153769396,-78.50113614131385,15,2016,06,15
STOP WITH SEARCH OR FRISK,Narcotics Investigation,W,38.03388897704339,-78.47821825918935,07,2016,05,7
Search WITHOUT Stop-Frisk,Suspicious Circumstances,B,38.01625058100618,-78.47450034386884,10,2016,07,10
STOP WITH SEARCH OR FRISK,Narcotics Investigation,B,38.02947653843125,-78.48528587237004,02,2016,05,2
STOP WITH SEARCH OR FRISK,Robbery,B,38.04403106109278,-78.49799652794074,16,2016,09,16
STOP WITH SEARCH OR FRISK,Narcotics Investigation,B,38.01516628629626,-78.4994018291325,32,2016,04,32
Search WITHOUT Stop-Frisk,Suspicious Circumstances,B,38.02724302201672,-78.50462891883754,13,2016,06,13
STOP WITH SEARCH OR FRISK,Narcotics Investigation,B,38.01877499749663,-78.49669088043909,21,2016,01,21
STOP WITH SEARCH OR FRISK,Narcotics Investigation,W,38.02748223485175,-78.48311125202375,12,2016,09,12
STOP WITH SEARCH OR FRISK,Narcotics Investigation,W,38.02750563957634,-78.48260328220731,11,2016,01,11
STOP WITH SEARCH OR FRISK,Robbery,B,38.04678475199869,-78.49811239595152,16,2016,09,16
Search WITHOUT Stop-Frisk,Suspicious Circumstances,B,38.02545833790012,-78.50307485458274,13,2016,06,13
STOP WITH SEARCH OR FRISK,Weapon Law Offense,B,38.03310937945308,-78.49594977670533,03,2016,07,3
STOP WITH SEARCH OR FRISK,Trespass,W,38.0500042861194,-78.49901424145186,16,2016,10,16
STOP WITH SEARCH OR FRISK,Narcotics Investigation,W,38.03260951151036,-78.49557980904008,03,2016,02,3
STOP WITH SEARCH OR FRISK,Disorder,B,38.03237860714792,-78.48099991535236,02,2016,01,2
Search WITHOUT Stop-Frisk,Shots Fired,B,38.01564113029805,-78.47969894063755,10,2016,06,10
STOP WITH SEARCH OR FRISK,Narcotics Investigation,W,38.032091786087186,-78.49535595410642,03,2016,02,3
STOP WITH SEARCH OR FRISK,Robbery,B,38.04018050945299,-78.50428472150008,16,2016,09,16
Search WITHOUT Stop-Frisk,Suspicious Circumstances,B,38.01149794978617,-78.50261364511903,32,2016,01,32
STOP WITH SEARCH OR FRISK,Narcotics Investigation,W,38.01472348064798,-78.47121631991745,10,2016,01,10
STOP WITH SEARCH OR FRISK,Narcotics Investigation,W,38.05723522539062,-78.49404244435124,27,2016,04,27
Search WITHOUT Stop-Frisk,Disorder,B,38.028570682908786,-78.48405909590909,11,2016,03,11
STOP WITH SEARCH OR FRISK,Shots Fired,B,38.02278917573385,-78.49607263207895,21,2016,03,21
STOP WITH SEARCH OR FRISK,Shots Fired,B,38.03091238161988,-78.46400568981849,20,2016,08,20
Search WITHOUT Stop-Frisk,Suspicious Circumstances,B,38.01219581819904,-78.50208451408544,32,2016,01,32
Search WITHOUT Stop-Frisk,Disorder,B,38.028806565793154,-78.4825802892554,02,2016,05,2
STOP WITH SEARCH OR FRISK,Shots Fired,B,38.022468186071556,-78.49656900818285,21,2016,03,21
STOP WITH SEARCH OR FRISK,Narcotics Investigation,W,38.02786003450307,-78.48311294468387,11,2016,01,11
STOP WITH SEARCH OR FRISK,Narcotics Investigation,B,38.038519532701926,-78.50111818582921,16,2016,05,16
STOP WITH SEARCH OR FRISK,Larceny,B,38.03077093970739,-78.48142621092633,01,2016,06,1
STOP WITH SEARCH OR FRISK,Shots Fired,B,38.02205897880855,-78.49747500543668,21,2016,03,21
Search WITHOUT Stop-Frisk,Suspicious Circumstances,B,38.02732384303716,-78.50176604444287,13,2016,06,13
STOP WITH SEARCH OR FRISK,Shots Fired,W,38.03040352455491,-78.48406279413213,02,2016,03,2
Search WITHOUT Stop-Frisk,Suspicious Circumstances,B,38.02839744446061,-78.4890622995901,13,2016,06,13
Search WITHOUT Stop-Frisk,Suspicious Circumstances,B,38.02722649296255,-78.49434277285418,13,2016,07,13
Search WITHOUT Stop-Frisk,Trespass,B,38.03951712387644,-78.4885324292098,06,2016,08,6
STOP WITH SEARCH OR FRISK,Disorder,B,38.02881407228167,-78.47931824511998,02,2016,05,2
STOP WITH SEARCH OR FRISK,Assault - Simple,B,38.02330706258542,-78.46625972179862,20,2016,07,20
STOP WITH SEARCH OR FRISK,Narcotics Investigation,W,38.029121660337594,-78.48728774953052,13,2016,03,13
Search WITHOUT Stop-Frisk,Assault - Intimidation,B,38.03169719601791,-78.4826994050806,01,2016,07,1
STOP WITH SEARCH OR FRISK,Narcotics Investigation,B,38.01609638224142,-78.49421138569076,12,2016,09,12
STOP WITH SEARCH OR FRISK,Narcotics Investigation,W,38.03506070369275,-78.50050576052874,15,2016,06,15
STOP WITH SEARCH OR FRISK,Shots Fired,B,38.01828358579585,-78.49386499270693,12,2016,06,12
STOP WITH SEARCH OR FRISK,Narcotics Investigation,B,38.05570578238319,-78.47102369327835,28,2016,07,28
STOP WITH SEARCH OR FRISK,Shots Fired,B,38.01925990737331,-78.4969759525449,21,2016,03,21
Search WITHOUT Stop-Frisk,Drunkeness,W,38.03082429750755,-78.48272106965935,01,2016,08,1
STOP WITH SEARCH OR FRISK,Disorder,B,38.01414312601857,-78.49882863381801,32,2016,02,32
STOP WITH SEARCH OR FRISK,Narcotics Investigation,B,38.015828988733915,-78.48080306647957,10,2016,03,10
STOP WITH SEARCH OR FRISK,Narcotics Investigation,B,38.057499120894846,-78.4808748246941,28,2016,07,28
STOP WITH SEARCH OR FRISK,Suspicious Circumstance,W,38.02385780941542,-78.4663706774446,20,2016,01,20
STOP WITH SEARCH OR FRISK,Trespass,B,38.042013232228136,-78.49300652929439,16,2016,06,16
STOP WITH SEARCH OR FRISK,Disorder,B,38.013972467190655,-78.49772983396478,32,2016,02,32
STOP WITH SEARCH OR FRISK,Shots Fired,B,38.0421971705577,-78.48698487229407,17,2016,03,17
STOP WITH SEARCH OR FRISK,Narcotics Investigation,B,38.02533337103705,-78.4811364834372,11,2016,01,11
STOP WITH SEARCH OR FRISK,Narcotics Investigation,B,38.017446015357784,-78.4950873787707,12,2016,09,12
STOP WITH SEARCH OR FRISK,Shots Fired,B,38.03216587951202,-78.48071368273641,02,2016,03,2
STOP WITH SEARCH OR FRISK,Narcotics Investigation,W,38.03271226802387,-78.49228015778367,03,2016,10,3
STOP WITH SEARCH OR FRISK,Narcotics Investigation,W,38.03697831346675,-78.4880384835313,06,2016,01,6
Search WITHOUT Stop-Frisk,Assist Agency,B,38.03118657068031,-78.49832872999046,14,2016,05,14
STOP WITH SEARCH OR FRISK,Suspicious Circumstance,B,38.02680636025207,-78.48092809154443,11,2016,06,11
STOP WITH SEARCH OR FRISK,Narcotics Investigation,B,38.03170463871426,-78.47724223146396,02,2016,09,2
Search WITHOUT Stop-Frisk,Shots Fired,B,38.01842451110654,-78.49546735877176,12,2016,07,12
Search WITHOUT Stop-Frisk,Suspicious Circumstances,B,38.01751476989951,-78.49712981151148,32,2016,01,32
STOP WITH SEARCH OR FRISK,Shots Fired,B,38.02521064411807,-78.48106766859752,12,2016,06,12
STOP WITH SEARCH OR FRISK,Narcotics Investigation,B,38.03358386899361,-78.49169322931968,04,2016,01,4
STOP WITH SEARCH OR FRISK,Weapon Law Offense,B,38.03276401641878,-78.4876653444764,03,2016,07,3
STOP WITH SEARCH OR FRISK,Suspicious Circumstance,B,38.04500467211822,-78.50119427381274,16,2016,07,16
Search WITHOUT Stop-Frisk,Supsicious Circumstance,B,38.02045612044849,-78.49744154265721,21,2016,04,21
STOP WITH SEARCH OR FRISK,Warrant Service,B,38.03415384868575,-78.49190280230306,04,2016,07,4
STOP WITH SEARCH OR FRISK,Narcotics Investigation,W,38.0416808075154,-78.47399692938612,07,2016,05,7
Search WITHOUT Stop-Frisk,Suspicious Circumstances,B,38.015909072758625,-78.49533039970734,32,2016,01,32
STOP WITH SEARCH OR FRISK,Narcotics Investigation,B,38.03703957759336,-78.499918743161345,16,2016,05,16
STOP WITH SEARCH OR FRISK,Shots Fired,B,38.0232312782443,-78.49508622989597,21,2016,03,21
STOP WITH SEARCH OR FRISK,Narcotics Investigation,B,38.02245844497149,-78.49766538380794,21,2016,01,21
STOP WITH SEARCH OR FRISK,Narcotics Investigation,B,38.027195579153684,-78.48538287004943,12,2016,03,12
Search WITHOUT Stop-Frisk,Disorder,B,38.02880963743657,-78.4846383463449,11,2016,03,11
Search WITHOUT Stop-Frisk,Suspicious Circumstances,B,38.015803270948474,-78.47718505335746,10,2016,07,10
STOP WITH SEARCH OR FRISK,Narcotics Investigation,B,38.02760988888213,-78.49099131630904,13,2016,03,13
STOP WITH SEARCH OR FRISK,Narcotics Investigation,B,38.019487371900965,-78.49842851292149,21,2016,01,21
STOP WITH SEARCH OR FRISK,Narcotics Investigation,B,38.042430565832746,-78.50576483269178,25,2016,10,25
STOP WITH SEARCH OR FRISK,Disorder,B,38.01409427720077,-78.50019145330693,32,2016,02,32
STOP WITH SEARCH OR FRISK,Narcotics Investigation,B,38.057400900078626,-78.49843112053716,25,2016,10,25
Search WITHOUT Stop-Frisk,Larceny,B,38.02875369865382,-78.4770842255355,02,2016,06,2
STOP WITH SEARCH OR FRISK,Weapon Law Offense,B,38.03051217816234,-78.48041031944331,01,2016,02,1
STOP WITH SEARCH OR FRISK,Narcotics Investigation,W,38.03132447450623,-78.49104831923944,03,2016,02,3
Search WITHOUT Stop-Frisk,Supsicious Circumstance,W,38.03042586614805,-78.48240342685109,01,2016,03,1
STOP WITH SEARCH OR FRISK,Assault - Intimidation,B,38.029613936030444,-78.47720944812691,01,2016,06,1
Search WITHOUT Stop-Frisk,Suspicious Circumstances,B,38.01581614649989,-78.47947981280045,10,2016,07,10
Search WITHOUT Stop-Frisk,Suspicious Circumstances,B,38.01412663000237,-78.49720209743107,32,2016,01,32
STOP WITH SEARCH OR FRISK,Traffic Stop,B,38.03802950578713,-78.51191381882553,24,2016,05,24
Search WITHOUT Stop-Frisk,Suspicious Circumstances,B,38.01402644754512,-78.46887595531501,10,2016,07,10
STOP WITH SEARCH OR FRISK,Narcotics Investigation,W,38.02901344354925,-78.48486299799116,11,2016,01,11
STOP WITH SEARCH OR FRISK,Trespass,B,38.02680187646081,-78.49173324869822,13,2016,NA,13
STOP WITH SEARCH OR FRISK,Assault - Simple,B,38.019225618750134,-78.48145614038486,10,2016,NA,10
STOP WITH SEARCH OR FRISK,Narcotics Investigation,B,38.022648887382225,-78.49723778832345,21,2016,NA,21
STOP WITH SEARCH OR FRISK,Narcotics Investigation,W,38.05558123169574,-78.47283341697974,28,2016,NA,28
STOP WITH SEARCH OR FRISK,Narcotics Investigation,B,38.0591887862684,-78.47202563422177,28,2016,NA,28
STOP WITH SEARCH OR FRISK,DUI,B,38.02392715306935,-78.48669922379395,12,2016,NA,12
STOP WITH SEARCH OR FRISK,Narcotics Investigation,B,38.048741969846105,-78.47653359374897,28,2016,NA,28
STOP WITH SEARCH OR FRISK,Trespass,B,38.03494240650762,-78.49845065807818,03,2016,NA,3
STOP WITH SEARCH OR FRISK,Narcotics Investigation,W,38.01841947154456,-78.48188765200128,10,2016,NA,10
STOP WITH SEARCH OR FRISK,Trespass,B,38.02845658177809,-78.50370589707575,13,2016,NA,13
STOP WITH SEARCH OR FRISK,Trespass,B,38.027772111672505,-78.50155052627431,13,2016,NA,13
STOP WITH SEARCH OR FRISK,DUI,B,38.02207474204737,-78.48916663704442,12,2016,NA,12
STOP WITH SEARCH OR FRISK,Narcotics Investigation,W,38.04050931702269,-78.47747074343958,07,2016,NA,7
STOP WITH SEARCH OR FRISK,Narcotics Investigation,B,38.049942406177884,-78.47557009242041,28,2016,NA,28
Search WITHOUT Stop-Frisk,NA,W,38.02401389673826,-78.50922153765313,23,2015,NA,23
Search WITHOUT Stop-Frisk,NA,B,38.02429239410674,-78.49564574423839,21,2015,NA,21
STOP WITH SEARCH OR FRISK,Summones Issued for Narcotics,W,38.04248518206888,-78.48813091044089,17,2015,NA,17
Search WITHOUT Stop-Frisk,NA,B,38.032644175766066,-78.49230089855278,03,2015,NA,3
Search WITHOUT Stop-Frisk,NA,B,38.05416204184089,-78.48659490762896,27,2015,NA,27
STOP WITH SEARCH OR FRISK,NA,B,38.04168187375459,-78.48927194214312,06,2015,NA,6
Search WITHOUT Stop-Frisk,NA,B,38.0298831280402,-78.47866522603276,01,2015,NA,1
Search WITHOUT Stop-Frisk,NA,B,38.019870789153615,-78.49815536518625,21,2015,NA,21
Search WITHOUT Stop-Frisk,NA,B,38.03211091631355,-78.48994557844209,03,2015,NA,3
STOP WITH SEARCH OR FRISK,NA,W,38.0152102048067,-78.50253971963066,33,2015,NA,33
Search WITHOUT Stop-Frisk,NA,B,38.03341816425125,-78.48035919220538,07,2015,NA,7
Search WITHOUT Stop-Frisk,NA,B,38.03659705519896,-78.5005909925361,15,2015,NA,15
STOP WITH SEARCH OR FRISK,NA,W,38.02930969867202,-78.48253989558813,02,2015,NA,2
STOP WITH SEARCH OR FRISK,NA,B,38.03125253751472,-78.47587634593549,02,2015,NA,2
Search WITHOUT Stop-Frisk,NA,B,38.03033530159139,-78.48353505341112,02,2015,NA,2
Search WITHOUT Stop-Frisk,NA,B,38.03479437549175,-78.49987773164816,15,2015,NA,15
Search WITHOUT Stop-Frisk,NA,B,38.02081794224653,-78.4974297293178,21,2015,NA,21
STOP WITH SEARCH OR FRISK,NA,W,38.03755311335837,-78.47496377946504,07,2015,NA,7
Search WITHOUT Stop-Frisk,NA,W,38.02237502033865,-78.47758254589051,10,2015,NA,10
Search WITHOUT Stop-Frisk,NA,W,38.03668797646397,-78.50026539368356,15,2015,NA,15
STOP WITH SEARCH OR FRISK,Arrested for Narcotics,B,38.03645039323262,-78.4662655683763,08,2015,NA,8
STOP WITH SEARCH OR FRISK,NA,B,38.02496371283787,-78.48860949750056,12,2015,NA,12
STOP WITH SEARCH OR FRISK,Summons for Traffic Violation,W,38.03013805332225,-78.50772239984327,14,2015,NA,14
Search WITHOUT Stop-Frisk,Summons Issued for Marijuana,W,38.04837233703967,-78.50374553415533,26,2015,NA,26
STOP WITH SEARCH OR FRISK,NA,B,38.03648719060471,-78.48816872880005,05,2015,NA,5
Search WITHOUT Stop-Frisk,NA,W,38.03025141409257,-78.47830250636804,01,2015,NA,1
STOP WITH SEARCH OR FRISK,NA,W,38.0224734822441,-78.49388779127486,21,2015,NA,21
STOP WITH SEARCH OR FRISK,NA,B,38.02911793833664,-78.50158372779653,13,2015,NA,13
STOP WITH SEARCH OR FRISK,NA,B,38.016322940582874,-78.493908021632,12,2015,NA,12
STOP WITH SEARCH OR FRISK,NA,B,38.03829713771982,-78.49149599692292,05,2015,NA,5
STOP WITH SEARCH OR FRISK,NA,B,38.03822179156255,-78.49190484956455,05,2015,NA,5
STOP WITH SEARCH OR FRISK,NA,B,38.03274941832739,-78.49319453893943,03,2015,NA,3
Search WITHOUT Stop-Frisk,NA,B,38.014612744946746,-78.49888104389692,32,2015,NA,32
STOP WITH SEARCH OR FRISK,NA,B,38.019636238294446,-78.49190722482294,12,2015,NA,12
Search WITHOUT Stop-Frisk,Warrant for Probation Violation,W,38.02745181859434,-78.48165561857229,11,2015,NA,11
STOP WITH SEARCH OR FRISK,NA,B,38.02346967084883,-78.48825002155596,12,2015,NA,12
STOP WITH SEARCH OR FRISK,NA,B,38.01751405908261,-78.49642523488463,32,2015,NA,32
Search WITHOUT Stop-Frisk,NA,B,38.030509690382324,-78.47513075534275,02,2015,NA,2
Search WITHOUT Stop-Frisk,NA,W,38.03579630841069,-78.46578506075787,08,2015,NA,8
Search WITHOUT Stop-Frisk,NA,W,38.03076960057348,-78.47890303324729,01,2015,NA,1
STOP WITH SEARCH OR FRISK,Warning Issued for Traffic Violation,W,38.02031650002777,-78.48685301936818,12,2015,NA,12
STOP WITH SEARCH OR FRISK,NA,W,38.03863001730898,-78.50092195493716,16,2015,NA,16
Search WITHOUT Stop-Frisk,NA,B,38.02983389950184,-78.48008151378775,01,2015,NA,1
Search WITHOUT Stop-Frisk,NA,W,38.02961905722954,-78.48067659947758,01,2015,NA,1
STOP WITH SEARCH OR FRISK,Warning Issued for Traffic Violation,B,38.037414062296556,-78.4904097875405,05,2015,NA,5
STOP WITH SEARCH OR FRISK,NA,B,38.044868239923005,-78.49914154754295,16,2015,NA,16
STOP WITH SEARCH OR FRISK,Summons Issued for Marijuana,B,38.0274641268607,-78.50098683346211,13,2015,NA,13
Search WITHOUT Stop-Frisk,NA,B,38.02981771174358,-78.4799994828281,01,2015,NA,1
STOP WITH SEARCH OR FRISK,Summons Issued for Equipment Violation,B,38.05665135959327,-78.49394835659054,27,2015,NA,27
STOP WITH SEARCH OR FRISK,NA,W,38.034284545274,-78.4992668600316,03,2015,NA,3
STOP WITH SEARCH OR FRISK,NA,W,38.021456656835625,-78.48407416343738,12,2015,NA,12
STOP WITH SEARCH OR FRISK,NA,W,38.04045044970784,-78.4896696734573,06,2015,NA,6
Search WITHOUT Stop-Frisk,NA,B,38.03308810805694,-78.48317614425949,02,2015,NA,2
STOP WITH SEARCH OR FRISK,Warning Issued for Traffic Violation,W,38.02329097181258,-78.49326444062493,21,2015,NA,21
Search WITHOUT Stop-Frisk,NA,B,38.02634047421262,-78.49887211977182,13,2015,NA,13
STOP WITH SEARCH OR FRISK,NA,B,38.02995183749644,-78.51049328238548,14,2015,NA,14
STOP WITH SEARCH OR FRISK,Summons Issued for Equipment Violation,B,38.0563660525626,-78.4916014155312,27,2015,NA,27
STOP WITH SEARCH OR FRISK,Arrested for Concealing Firearm,B,38.02554593034785,-78.5217349408869,14,2015,NA,14
STOP WITH SEARCH OR FRISK,Warning Issued for Traffic Violation,W,38.04352655637562,-78.47977050047888,06,2015,NA,6
Search WITHOUT Stop-Frisk,NA,B,38.03150586972853,-78.4911758873179,03,2015,NA,3
STOP WITH SEARCH OR FRISK,NA,B,38.03247117638417,-78.48372912516466,02,2015,NA,2
STOP WITH SEARCH OR FRISK,NA,B,38.0334416504148,-78.48887390558727,05,2015,NA,5
STOP WITH SEARCH OR FRISK,Warning Issued for Traffic Violation,W,38.02135919476046,-78.47374577151133,10,2015,NA,10
STOP WITH SEARCH OR FRISK,NA,B,38.029602572016785,-78.4756794696652,01,2015,NA,1
STOP WITH SEARCH OR FRISK,NA,W,38.032462011022346,-78.49234656303513,03,2015,NA,3
STOP WITH SEARCH OR FRISK,NA,W,38.01862729612113,-78.48902859649132,12,2015,NA,12
STOP WITH SEARCH OR FRISK,NA,W,38.03816244358696,-78.48764471854442,06,2015,NA,6
STOP WITH SEARCH OR FRISK,Summons Issued for Marijuana,W,38.017446179460194,-78.48645046052783,12,2015,NA,12
STOP WITH SEARCH OR FRISK,Arrested for Intent to Distribute Narcotics,B,38.02078921432127,-78.49257845128093,12,2015,NA,12
STOP WITH SEARCH OR FRISK,NA,B,38.05380834093973,-78.4996505100126,26,2015,NA,26
Search WITHOUT Stop-Frisk,NA,B,38.06209249801824,-78.49062783573615,30,2015,NA,30
STOP WITH SEARCH OR FRISK,NA,B,38.03634900894987,-78.48335226501274,06,2015,NA,6
STOP WITH SEARCH OR FRISK,Summons Issued for Marijuana,W,38.0336166286438,-78.48447725731782,02,2015,NA,2
STOP WITH SEARCH OR FRISK,Summons for Marijuana,W,38.04019414758309,-78.47855049981338,06,2015,NA,6
Search WITHOUT Stop-Frisk,NA,B,38.03125468785567,-78.48126793624162,01,2015,NA,1
STOP WITH SEARCH OR FRISK,Arrested for Narcotics,B,38.03390301576649,-78.4870716926009,05,2015,NA,5
STOP WITH SEARCH OR FRISK,Arrested for Concealing Firearm,B,38.049350586288696,-78.49739160490662,16,2015,NA,16
STOP WITH SEARCH OR FRISK,NA,W,38.03928562547937,-78.48492456429283,06,2015,NA,6
STOP WITH SEARCH OR FRISK,NA,B,38.024699329237215,-78.4829313373098,12,2015,NA,12
STOP WITH SEARCH OR FRISK,NA,B,38.050307238401054,-78.49734757916364,16,2015,NA,16
Search WITHOUT Stop-Frisk,NA,B,38.041526788168014,-78.48975633871649,06,2015,NA,6
STOP WITH SEARCH OR FRISK,Warning Issued for Traffic Violation,B,38.01741210617852,-78.4927814591428,12,2015,NA,12
Search WITHOUT Stop-Frisk,NA,B,38.03072585670939,-78.48335555562942,01,2015,NA,1
Search WITHOUT Stop-Frisk,Summons Issued for Marijuana,B,38.053945191986095,-78.49974375926627,26,2015,NA,26
STOP WITH SEARCH OR FRISK,Warning Issued for Traffic Violation,B,38.024844559954715,-78.48204026913773,12,2015,NA,12
STOP WITH SEARCH OR FRISK,NA,B,38.03646292031951,-78.49439625558239,05,2015,NA,5
STOP WITH SEARCH OR FRISK,Summons Issued for Marijuana,W,38.02009542959214,-78.4845423815779,12,2015,NA,12
STOP WITH SEARCH OR FRISK,NA,B,38.03748369089094,-78.48959148166665,05,2015,NA,5
Search WITHOUT Stop-Frisk,NA,B,38.02123279312649,-78.49681463808957,21,2015,NA,21
Search WITHOUT Stop-Frisk,NA,B,38.02893702864805,-78.48007272784801,02,2015,NA,2
STOP WITH SEARCH OR FRISK,NA,W,38.01477126878289,-78.50341800220477,33,2015,NA,33
Search WITHOUT Stop-Frisk,NA,B,38.03763395436012,-78.47962430392997,07,2015,NA,7
STOP WITH SEARCH OR FRISK,NA,B,38.02852133927488,-78.51614180935708,14,2015,NA,14
STOP WITH SEARCH OR FRISK,NA,B,38.03419967559338,-78.4854868343187,05,2015,NA,5
STOP WITH SEARCH OR FRISK,NA,B,38.035299361844444,-78.49375913777179,05,2015,NA,5
STOP WITH SEARCH OR FRISK,NA,B,38.03732681913469,-78.49216832039635,05,2015,NA,5
STOP WITH SEARCH OR FRISK,Obstruction of Justice,B,38.02055470307923,-78.4933388402402,12,2015,NA,12
Search WITHOUT Stop-Frisk,NA,B,38.032320667912046,-78.46498053277533,09,2015,NA,9
STOP WITH SEARCH OR FRISK,Summons Issued for Equipment Violation,B,38.01899363932561,-78.49292129884809,12,2015,NA,12
Search WITHOUT Stop-Frisk,NA,B,38.03110074749065,-78.48968992737,03,2015,NA,3
STOP WITH SEARCH OR FRISK,Traffic Summonses Issued,B,38.04341217318352,-78.48693782334661,17,2015,NA,17
Search WITHOUT Stop-Frisk,NA,W,38.03146438984983,-78.48501853158776,02,2015,NA,2
Search WITHOUT Stop-Frisk,NA,B,38.03045044959474,-78.48442234176204,02,2015,NA,2
STOP WITH SEARCH OR FRISK,NA,W,38.02392326538598,-78.47391202640561,10,2015,NA,10
Search WITHOUT Stop-Frisk,NA,B,38.02707682335415,-78.46507400990568,20,2015,NA,20
Search WITHOUT Stop-Frisk,NA,B,38.02932523385153,-78.47618060067587,01,2015,NA,1
STOP WITH SEARCH OR FRISK,Arrested for Concealing Firearm,B,38.03713327686361,-78.48201231404916,06,2015,NA,6
STOP WITH SEARCH OR FRISK,NA,B,38.023573182007105,-78.484362994359,12,2015,NA,12
STOP WITH SEARCH OR FRISK,NA,W,38.02209259690753,-78.48711027432653,12,2015,NA,12
STOP WITH SEARCH OR FRISK,Traffic Stop,B,38.04416590410625,-78.50417137137512,16,2014,03,6
STOP WITH SEARCH OR FRISK,Traffic Stop,B,38.024327681494604,-78.48811417136032,12,2014,02,13
Search WITHOUT Stop-Frisk,Disorder,B,38.03516778785199,-78.49916463538347,16,2014,02,15
STOP WITH SEARCH OR FRISK,Traffic Stop,B,38.04048405405818,-78.497898142642,16,2014,03,6
STOP WITH SEARCH OR FRISK,Traffic Stop,B,38.02307941229936,-78.4927341286999,12,2014,03,13
Search WITHOUT Stop-Frisk,Suspicious,B,38.029929005602575,-78.49029346893906,13,2014,04,20
STOP WITH SEARCH OR FRISK,Trespass,B,38.018177031638324,-78.4952549957017,12,2014,06,13
Search WITHOUT Stop-Frisk,Disorder,B,38.02284257392007,-78.48555727385714,12,2014,01,18
STOP WITH SEARCH OR FRISK,Traffic Stop,B,38.03198314172638,-78.48094539914578,02,2014,03,10
Search WITHOUT Stop-Frisk,Suspicious,B,38.01428221087286,-78.47321801126667,10,2014,01,17
STOP WITH SEARCH OR FRISK,Narcotic Investigation,B,38.019332887274345,-78.49524526144397,12,2014,02,13
STOP WITH SEARCH OR FRISK,Suspicious,W,38.03148909446845,-78.47606219685488,02,2014,05,10
Search WITHOUT Stop-Frisk,Disorder,B,38.02877022068369,-78.48325484990035,11,2014,01,18
STOP WITH SEARCH OR FRISK,Shots-Fired,B,38.02652002023879,-78.48715478231043,12,2014,04,20
STOP WITH SEARCH OR FRISK,Traffic Stop,B,38.02962355845289,-78.48152170873,02,2014,06,10
STOP WITH SEARCH OR FRISK,Narcotic Investigation,B,38.028061327042515,-78.48523851274193,12,2014,02,13
STOP WITH SEARCH OR FRISK,Traffic Stop,B,38.030419465805466,-78.48596388628413,02,2014,02,10
STOP WITH SEARCH OR FRISK,Narcotic Investigation,B,38.03303520620716,-78.48546894932349,02,2014,06,10
STOP WITH SEARCH OR FRISK,Traffic Stop,B,38.02563917581951,-78.49679647188442,13,2014,04,14
STOP WITH SEARCH OR FRISK,Disorder,W,38.01535466036527,-78.505400246130307,33,2014,04,16
STOP WITH SEARCH OR FRISK,Suspicious,B,38.01456547908317,-78.4716998667621,10,2014,04,12
STOP WITH SEARCH OR FRISK,Traffic Stop,B,38.02831118330672,-78.48499356872685,12,2014,05,5
Search WITHOUT Stop-Frisk,Suspicious,B,38.016336152846726,-78.47625589788463,10,2014,05,12
STOP WITH SEARCH OR FRISK,Narcotic Investigation,B,38.02038855805852,-78.46527602749462,10,2014,06,12
STOP WITH SEARCH OR FRISK,Traffic Stop,B,38.020324515262054,-78.48982442231927,12,2014,04,13
STOP WITH SEARCH OR FRISK,Suspicious,B,38.02771074538954,-78.48304721143961,11,2014,05,4
Search WITHOUT Stop-Frisk,Suspicious,B,38.026708710735655,-78.51291186528688,14,2014,04,14
Search WITHOUT Stop-Frisk,Liquor Law Violation,B,38.0378397928129,-78.4921254587122,05,2014,06,11
Search WITHOUT Stop-Frisk,Aggravated Assault,B,38.02582519870258,-78.49439471607694,13,2014,01,5
STOP WITH SEARCH OR FRISK,Disorder,B,38.03037476002744,-78.4819424721802,01,2014,03,1
Search WITHOUT Stop-Frisk,Suspicious,B,38.02624078173551,-78.49643327765534,13,2014,04,14
STOP WITH SEARCH OR FRISK,Narcotic Investigation,B,38.01906311387649,-78.49213738827301,12,2014,02,13
STOP WITH SEARCH OR FRISK,Suspicious,B,38.027098393480095,-78.49084934614419,13,2014,05,21
STOP WITH SEARCH OR FRISK,Narcotic Investigation,B,38.024808236329136,-78.48912451106767,12,2014,06,13
STOP WITH SEARCH OR FRISK,Weapons Law Violation,B,38.03395067978031,-78.49221755646991,04,2013,08,2
Search WITHOUT Stop-Frisk,Suspicious,B,38.04057782072037,-78.4917445925349,06,2013,09,2
STOP WITH SEARCH OR FRISK,Weapons Law Violation,B,38.03240968783836,-78.4887585531665,03,2013,12,11
STOP WITH SEARCH OR FRISK,Weapons Law Violation,B,38.03402039952855,-78.49158430267804,04,2013,08,2
STOP WITH SEARCH OR FRISK,Liquor Law Violation,B,38.033556568045746,-78.49855887014873,03,2013,10,11
Search WITHOUT Stop-Frisk,Suspicious,B,38.018747334893426,-78.47049467890778,10,2013,12,16
STOP WITH SEARCH OR FRISK,Disorder,B,38.03226515773051,-78.48707791055662,03,2013,03,2
STOP WITH SEARCH OR FRISK,Narcotic Investigation,W,38.0314869931377,-78.4821471986634,01,2013,06,10
Search WITHOUT Stop-Frisk,Suspicious,W,38.02963455512743,-78.4858651520803,02,2013,03,10
Search WITHOUT Stop-Frisk,Trespass,B,38.02849294501839,-78.47890151013216,11,2013,04,4
STOP WITH SEARCH OR FRISK,Assault,W,38.01089900715422,-78.50625083902663,33,2013,07,16
Search WITHOUT Stop-Frisk,Traffic Stop,W,38.038332923605005,-78.4880326904322,06,2013,01,2
Search WITHOUT Stop-Frisk,Burglary,W,38.02103037016619,-78.46730551667115,10,2013,07,16
STOP WITH SEARCH OR FRISK,Assault,W,38.053739438471126,-78.47982435206043,28,2013,07,16
Search WITHOUT Stop-Frisk,Larceny,B,38.01460206238174,-78.48141143164949,10,2013,06,3
STOP WITH SEARCH OR FRISK,Disorder,W,38.0293025531631,-78.47595054170358,01,2013,05,1
STOP WITH SEARCH OR FRISK,Traffic Stop,B,38.02799998087219,-78.47678876343976,10,2013,10,18
STOP WITH SEARCH OR FRISK,Liquor Law Violation,B,38.041261360897,-78.48555032973618,06,2013,02,12
STOP WITH SEARCH OR FRISK,Traffic Stop,B,38.03535831448598,-78.50035786335772,15,2013,12,27
STOP WITH SEARCH OR FRISK,Suspicious,W,38.016626321690914,-78.48162703993145,10,2013,11,12
Search WITHOUT Stop-Frisk,Disorder,B,38.029464398032935,-78.4815364296792,02,2013,03,1
Search WITHOUT Stop-Frisk,Larceny,B,38.0135701102319,-78.4692379550304,10,2013,07,16
STOP WITH SEARCH OR FRISK,Weapons Law Violation,B,38.03493391048538,-78.46152533304517,08,2013,08,12
STOP WITH SEARCH OR FRISK,Narcotic Investigation,W,38.0326720187476,-78.48783135872299,03,2013,07,2
STOP WITH SEARCH OR FRISK,Trespass,W,38.03950853574715,-78.49557866220559,16,2013,05,7
STOP WITH SEARCH OR FRISK,Suspicious,B,38.03627311413953,-78.46277517284523,08,2013,07,3
Search WITHOUT Stop-Frisk,Disorder,B,38.03559588918946,-78.48619935858616,06,2013,06,2
Search WITHOUT Stop-Frisk,Suspicious,B,38.02738124713699,-78.47976624587085,11,2013,01,4
STOP WITH SEARCH OR FRISK,Weapons Law Violation,B,38.034644376613464,-78.48209507764604,07,2013,08,12
Search WITHOUT Stop-Frisk,Disorder,B,38.0173075394898,-78.47359382348743,10,2013,07,3
STOP WITH SEARCH OR FRISK,Traffic Stop,W,38.033779961346646,-78.4904523555991,04,2013,08,2
Search WITHOUT Stop-Frisk,Disorder,B,38.03104399089424,-78.47485528932395,02,2013,03,1
STOP WITH SEARCH OR FRISK,Traffic Stop,B,38.022997502127474,-78.49245985694101,12,2013,11,5
STOP WITH SEARCH OR FRISK,Traffic Stop,B,38.019827979515846,-78.48478987044955,12,2013,06,13
STOP WITH SEARCH OR FRISK,Disorder,B,38.03068641590051,-78.48003964535337,01,2013,05,1
STOP WITH SEARCH OR FRISK,Suspicious,W,38.05462398188045,-78.48514803777532,27,2013,06,16
STOP WITH SEARCH OR FRISK,Traffic Stop,B,38.02864085557183,-78.50419523772193,13,2013,09,21
Search WITHOUT Stop-Frisk,Suspicious,B,38.036296970395874,-78.48469862804012,06,2013,09,2
Search WITHOUT Stop-Frisk,Assault,B,38.039321280116084,-78.48615107764287,06,2013,07,2
STOP WITH SEARCH OR FRISK,Traffic Stop,B,38.025080281164996,-78.4614165123722,20,2013,03,33
STOP WITH SEARCH OR FRISK,Narcotic Investigation,B,38.02056435652537,-78.47083261719969,10,2013,09,12
Search WITHOUT Stop-Frisk,Disorder,B,38.04159488754493,-78.50467656965196,16,2013,12,27
STOP WITH SEARCH OR FRISK,Narcotic Investigation,W,38.02741625663594,-78.46065962964725,20,2013,07,8
STOP WITH SEARCH OR FRISK,Trespass,B,38.01610327260925,-78.48552630440513,10,2013,06,4
STOP WITH SEARCH OR FRISK,Trespass,W,38.03162863993092,-78.48918971711448,03,2013,01,2
STOP WITH SEARCH OR FRISK,Disorder,B,38.032092701892665,-78.49126104929806,03,2013,08,11
Search WITHOUT Stop-Frisk,Disorder,B,38.01573117219124,-78.47474966681513,10,2013,07,3
STOP WITH SEARCH OR FRISK,Traffic Stop,W,38.0341282675259,-78.49141452160711,04,2013,08,2
STOP WITH SEARCH OR FRISK,Narcotic Investigation,B,38.01885417213561,-78.48532371010475,12,2013,11,13
STOP WITH SEARCH OR FRISK,Narcotic Investigation,W,38.03002693963574,-78.4810935640359,01,2013,06,10
STOP WITH SEARCH OR FRISK,Traffic/Parking,W,38.03206532988166,-78.47815674576856,02,2013,10,10
STOP WITH SEARCH OR FRISK,Disorder,B,38.030684296085035,-78.47739319058566,02,2013,08,11
Search WITHOUT Stop-Frisk,Assault,B,38.043050218103346,-78.47739201048569,06,2013,07,2
STOP WITH SEARCH OR FRISK,Assist Agency,W,38.03507942702731,-78.49609144990578,03,2013,07,2
Search WITHOUT Stop-Frisk,Disorder,W,38.03269791542734,-78.49175131606029,03,2013,08,1
STOP WITH SEARCH OR FRISK,Weapons Law Violation,B,38.0176604099115,-78.48406420127446,10,2013,08,12
STOP WITH SEARCH OR FRISK,Disorder,B,38.0312929799223,-78.49149313691542,03,2013,08,11
Search WITHOUT Stop-Frisk,Suspicious,W,38.02996957443145,-78.48289657841461,02,2013,03,10
STOP WITH SEARCH OR FRISK,Narcotic Investigation,B,38.02315841477724,-78.47621999186913,10,2013,09,12
Search WITHOUT Stop-Frisk,Suspicious,B,38.02830579126362,-78.47766707980354,10,2013,05,12
Search WITHOUT Stop-Frisk,Suspicious,W,38.03162902102072,-78.47352285169944,08,2013,10,2
Search WITHOUT Stop-Frisk,Disorder,W,38.03248890384351,-78.48873013005408,03,2013,04,1
Search WITHOUT Stop-Frisk,Disorder,B,38.01667936355103,-78.47763290204644,10,2013,07,3
STOP WITH SEARCH OR FRISK,Suspicious,W,38.04947394289121,-78.48137672693822,27,2013,06,16
STOP WITH SEARCH OR FRISK,Traffic Stop,B,38.026626090230856,-78.4880031393741,13,2013,09,21
Search WITHOUT Stop-Frisk,Assault,B,38.03742524516577,-78.48407293041313,06,2013,07,2
STOP WITH SEARCH OR FRISK,Narcotic Investigation,B,38.040374978642056,-78.47864837372673,06,2013,06,12
Search WITHOUT Stop-Frisk,Larceny,B,38.02132636083895,-78.48152883681215,10,2013,06,3
STOP WITH SEARCH OR FRISK,Weapons Law Violation,B,38.034173092826634,-78.49121689158963,04,2013,08,2
STOP WITH SEARCH OR FRISK,Suspicious,B,38.03043251320267,-78.48046156821353,01,2013,07,1
STOP WITH SEARCH OR FRISK,Disorder,B,38.03126299761349,-78.49459910892196,03,2013,08,11
STOP WITH SEARCH OR FRISK,Traffic Stop,B,38.03241267417287,-78.46115396849196,20,2013,03,33
Search WITHOUT Stop-Frisk,Suspicious,W,38.031217919870166,-78.48408847824194,02,2013,03,10
STOP WITH SEARCH OR FRISK,Trespass,B,38.026013386509334,-78.49418830254537,13,2013,01,14
STOP WITH SEARCH OR FRISK,Weapons Law Violation,B,38.024391571050224,-78.47010450011352,10,2013,08,4
Search WITHOUT Stop-Frisk,Assault,W,38.03979129380853,-78.48172697219641,06,2013,07,2
STOP WITH SEARCH OR FRISK,Weapons Law Violation,B,38.03255799795169,-78.46500570081959,09,2013,08,12
Search WITHOUT Stop-Frisk,Suspicious,B,38.04299501123395,-78.50105707598861,16,2013,10,6
Search WITHOUT Stop-Frisk,Disorder,B,38.043374210784364,-78.47607016975246,06,2013,07,16
Search WITHOUT Stop-Frisk,Traffic Stop,B,38.01883248791796,-78.49311294079887,12,2013,12,4
Search WITHOUT Stop-Frisk,Suspicious,W,38.02528536313074,-78.48067604795723,11,2013,01,4
Search WITHOUT Stop-Frisk,Suspicious,W,38.033266299239756,-78.48525032543498,02,2013,03,10
STOP WITH SEARCH OR FRISK,Traffic Stop,B,38.04835447289188,-78.50008054924565,16,2013,09,6
Search WITHOUT Stop-Frisk,Disorder,W,38.02979159363347,-78.48246032892165,02,2013,04,1
Search WITHOUT Stop-Frisk,Disorder,W,38.044016347039076,-78.49001102741045,17,2013,09,28
Search WITHOUT Stop-Frisk,Suspicious,W,38.04673042706763,-78.49795133866571,16,2013,10,6
Search WITHOUT Stop-Frisk,Warrant Service,B,38.013263081773566,-78.51249615660147,23,2013,01,9
STOP WITH SEARCH OR FRISK,Disorder,B,38.033270096400514,-78.49900468633055,03,2013,08,11
STOP WITH SEARCH OR FRISK,Disorder,B,38.03199490960185,-78.49677264643277,03,2013,08,11
Search WITHOUT Stop-Frisk,Disorder,B,38.03929150460999,-78.48095646452386,06,2013,07,16
STOP WITH SEARCH OR FRISK,Narcotic Investigation,B,38.04055717797517,-78.48129869723753,06,2013,06,12
STOP WITH SEARCH OR FRISK,Narcotic Investigation,W,38.030759488100685,-78.48083315700079,01,2013,06,10
STOP WITH SEARCH OR FRISK,Narcotic Investigation,B,38.02215662925938,-78.49762812088379,21,2013,05,16
STOP WITH SEARCH OR FRISK,Narcotic Investigation,B,38.02197452608257,-78.47463340140378,10,2013,09,12
STOP WITH SEARCH OR FRISK,Traffic Stop,B,38.04529902390857,-78.49725485111627,16,2013,07,6
Search WITHOUT Stop-Frisk,Suspicious,B,38.015926272995,-78.47552857685157,10,2013,01,3
STOP WITH SEARCH OR FRISK,Traffic Stop,B,38.021425683870824,-78.48660518856023,12,2013,06,13
STOP WITH SEARCH OR FRISK,Narcotic Investigation,B,38.03010650280741,-78.47873319224982,01,2013,03,10
Search WITHOUT Stop-Frisk,Suspicious,B,38.046565445901734,-78.50055887592022,16,2013,10,6
Search WITHOUT Stop-Frisk,Traffic Stop,W,38.04215949358992,-78.47977279200096,06,2013,01,2
Search WITHOUT Stop-Frisk,Disorder,B,38.016704047802804,-78.469695886044,10,2013,07,3
STOP WITH SEARCH OR FRISK,Narcotic Investigation,B,38.02603881174022,-78.48695089348136,12,2013,11,13
Search WITHOUT Stop-Frisk,Trespass,B,38.02875270897288,-78.48395157850457,11,2013,04,4
Search WITHOUT Stop-Frisk,Assault,B,38.041581343686694,-78.48977520289289,06,2013,07,2
STOP WITH SEARCH OR FRISK,Warrant Service,W,38.03062984451625,-78.4813404002231,01,2013,02,1
Search WITHOUT Stop-Frisk,Disorder,W,38.03328352205859,-78.4846614241847,02,2013,04,1
Search WITHOUT Stop-Frisk,Disorder,B,38.03120674590471,-78.48472164685872,02,2013,11,10
Search WITHOUT Stop-Frisk,Suspicious,W,38.03007247091274,-78.50326579910386,14,2012,12,26
Search WITHOUT Stop-Frisk,Assault,B,38.0406725762791,-78.48983223296135,06,2012,09,2
Search WITHOUT Stop-Frisk,Assault,B,38.02597210305237,-78.48005982891048,10,2012,09,3
STOP WITH SEARCH OR FRISK,Trespass,B,38.02577065844505,-78.49942292760457,13,2012,10,6
Search WITHOUT Stop-Frisk,Suspicious,B,38.0310753330889,-78.47487053164558,02,2012,08,10
STOP WITH SEARCH OR FRISK,Trespass,B,38.052543430204416,-78.50118970045622,26,2012,08,10
STOP WITH SEARCH OR FRISK,Suspicious,B,38.02662781656479,-78.5010997975646,13,2012,12,6
Search WITHOUT Stop-Frisk,Larceny,W,38.03443731538812,-78.49265395976357,04,2012,07,2
Search WITHOUT Stop-Frisk,Liquor Law Violation,W,38.03347212151008,-78.48362171257894,02,2012,11,1
STOP WITH SEARCH OR FRISK,Mo Mohr Transport,W,38.02973217495864,-78.4802908163568,01,2012,10,1
Search WITHOUT Stop-Frisk,Assault,W,38.030962143414854,-78.48251434698906,01,2012,08,1
Search WITHOUT Stop-Frisk,Trespass,B,38.03404721836752,-78.49816920489657,03,2012,09,11
Search WITHOUT Stop-Frisk,Trespass,B,38.03384924251994,-78.48438530580754,02,2012,08,10
Search WITHOUT Stop-Frisk,Liquor Law Violation,B,38.04051389733174,-78.49327223892743,16,2012,08,15
Search WITHOUT Stop-Frisk,Liquor Law Violation,W,38.03132622696891,-78.47806324670222,02,2012,08,10
STOP WITH SEARCH OR FRISK,Narcotic Investigation,W,38.02992325857199,-78.47700548075149,01,2012,08,1
STOP WITH SEARCH OR FRISK,Trespass,B,38.02967458648098,-78.47976467225226,01,2012,12,10
Search WITHOUT Stop-Frisk,Trespass,W,38.023434891131664,-78.50101079953235,22,2012,08,8
Search WITHOUT Stop-Frisk,Liquor Law Violation,W,38.0312956819552,-78.48591157348572,02,2012,11,1
STOP WITH SEARCH OR FRISK,Trespass,B,38.03076148182376,-78.49648699820786,13,2012,10,6
Search WITHOUT Stop-Frisk,Assist Agency,W,38.04180822809482,-78.4761554111733,06,2012,10,2
Search WITHOUT Stop-Frisk,Trespass,B,38.02769037189265,-78.48019055200267,11,2012,08,4
Search WITHOUT Stop-Frisk,DIP,W,38.026768849470756,-78.48798911551428,13,2012,08,5
Search WITHOUT Stop-Frisk,Disorder,W,38.018017762869114,-78.48926374606754,12,2012,11,20
STOP WITH SEARCH OR FRISK,VANDALISM,B,38.03940825561553,-78.49481701532123,16,2012,10,16
Search WITHOUT Stop-Frisk,VANDALISM,W,38.01873181294993,-78.50113119302195,22,2012,08,9
Search WITHOUT Stop-Frisk,Trespass,B,38.02632176873253,-78.50414588455979,13,2012,08,22
STOP WITH SEARCH OR FRISK,Disorder,B,38.02959678515268,-78.47851137393859,01,2012,10,1
Search WITHOUT Stop-Frisk,Suspicious,W,38.02722393279349,-78.47116016292443,09,2012,09,3
Search WITHOUT Stop-Frisk,Trespass,B,38.02575247204792,-78.49668251339833,13,2012,08,22
Search WITHOUT Stop-Frisk,Assault,B,38.0395376702609,-78.48234339171437,06,2012,09,2
STOP WITH SEARCH OR FRISK,Mo Mohr Transport,B,38.02997350971784,-78.48125247666798,01,2012,08,1
STOP WITH SEARCH OR FRISK,Traffic Stop,W,38.02515726565112,-78.4808598595878,11,2012,08,13
Search WITHOUT Stop-Frisk,Assault,B,38.0270222134438,-78.47914927501584,10,2012,09,3
Search WITHOUT Stop-Frisk,Trespass,B,38.03832374125824,-78.49268171312488,05,2012,09,16
STOP WITH SEARCH OR FRISK,Warrant Service,B,38.04692716701513,-78.45471037000466,18,2012,11,33
STOP WITH SEARCH OR FRISK,Traffic Stop,W,38.026142516449006,-78.48172264900924,11,2012,09,13
STOP WITH SEARCH OR FRISK,Traffic Stop,B,38.02643009511938,-78.48075852683948,11,2012,09,13
Search WITHOUT Stop-Frisk,Liquor Law Violation,B,38.03639234350025,-78.49951443860482,16,2012,08,15
Search WITHOUT Stop-Frisk,PURSE SNATCHING,W,38.03017932709783,-78.46837420235721,09,2012,08,3
Search WITHOUT Stop-Frisk,Assault,B,38.01980046101593,-78.48419064787068,10,2012,09,3
Search WITHOUT Stop-Frisk,Assault,B,38.01939183591347,-78.47198152505356,10,2012,09,3
STOP WITH SEARCH OR FRISK,Narcotic Investigation,B,38.02901991132297,-78.47651080850468,01,2012,08,1
Search WITHOUT Stop-Frisk,Mo Mohr Transport,W,38.04300980963925,-78.47691703890925,06,2012,11,2
STOP WITH SEARCH OR FRISK,Traffic Stop,B,38.02744843992728,-78.48137395466226,11,2012,09,13
STOP WITH SEARCH OR FRISK,Larceny,W,38.03006106579864,-78.48695013056751,03,2012,09,2
Search WITHOUT Stop-Frisk,Mo Mohr Transport,B,38.04370943760502,-78.4962374855709,16,2012,08,15
STOP WITH SEARCH OR FRISK,Mo Mohr Transport,W,38.0311892794321,-78.48224533521179,01,2012,08,1
STOP WITH SEARCH OR FRISK,VANDALISM,W,38.048651355783534,-78.45157715145598,18,2012,10,16
STOP WITH SEARCH OR FRISK,Narcotic Investigation,W,38.0341557787444,-78.49795314234639,03,2012,10,2
STOP WITH SEARCH OR FRISK,Traffic Stop,B,38.040151284162334,-78.48339499718088,06,2012,11,12
Search WITHOUT Stop-Frisk,Suspicious,B,38.02974864903447,-78.48517666098378,02,2012,10,1
Search WITHOUT Stop-Frisk,Disorder,B,38.02074687439593,-78.49484465577935,21,2012,10,33
STOP WITH SEARCH OR FRISK,Narcotic Investigation,B,38.03845959029086,-78.48432052652572,06,2012,09,12
STOP WITH SEARCH OR FRISK,Narcotic Investigation,W,38.014191714257436,-78.50291017413312,33,2012,09,10
STOP WITH SEARCH OR FRISK,Traffic Stop,B,38.025596371065845,-78.49197335554202,13,2012,12,6
STOP WITH SEARCH OR FRISK,Mo Mohr Transport,B,38.04036285935482,-78.49338313939121,16,2012,12,6
STOP WITH SEARCH OR FRISK,Suspicious,W,38.03087216830852,-78.4999221189962,14,2012,10,23
STOP WITH SEARCH OR FRISK,Traffic Stop,B,38.030201536400256,-78.48176104254661,01,2012,11,10
Search WITHOUT Stop-Frisk,Trespass,B,38.02960666227465,-78.50093272959684,14,2012,11,23
Search WITHOUT Stop-Frisk,Disorder,W,38.03609831622428,-78.493250808332,05,2012,08,16
Search WITHOUT Stop-Frisk,Assault,B,38.02260876812354,-78.46806418194868,10,2012,09,3
STOP WITH SEARCH OR FRISK,Traffic Stop,B,38.01704130857289,-78.50786665602752,23,2012,08,10
STOP WITH SEARCH OR FRISK,Traffic Stop,B,38.028489007910274,-78.48223840632234,11,2012,08,13
STOP WITH SEARCH OR FRISK,Narcotic Investigation,B,38.03098926473799,-78.48159293187379,01,2012,07,1
STOP WITH SEARCH OR FRISK,VANDALISM,W,38.03885052112608,-78.5014937689093,16,2012,10,16
Search WITHOUT Stop-Frisk,Trespass,W,38.02084604615118,-78.50258530135342,22,2012,08,8
Search WITHOUT Stop-Frisk,Suspicious,B,38.03452029564245,-78.49208804484677,04,2012,11,11
Search WITHOUT Stop-Frisk,Suspicious,B,38.03375845336638,-78.49207788604268,04,2012,11,11
STOP WITH SEARCH OR FRISK,Narcotic Investigation,B,38.02973311143925,-78.47911442791762,01,2012,08,1
STOP WITH SEARCH OR FRISK,Mo Mohr Transport,B,38.02911665178067,-78.4769792198186,01,2012,08,1
Search WITHOUT Stop-Frisk,Suspicious,B,38.0128648284344,-78.4715339658971,10,2012,11,3
Search WITHOUT Stop-Frisk,Disorder,W,38.030205525302485,-78.48530375405335,02,2012,10,1
Search WITHOUT Stop-Frisk,VANDALISM,W,38.02144731001239,-78.50063444891114,22,2012,08,9
Search WITHOUT Stop-Frisk,Trespass,B,38.024847324511285,-78.50284284594812,13,2012,08,22
STOP WITH SEARCH OR FRISK,Mo Mohr Transport,W,38.023298846216946,-78.47605713185361,10,2012,08,4
STOP WITH SEARCH OR FRISK,Trespass,B,38.0273701155392,-78.48712258988509,13,2012,10,22
STOP WITH SEARCH OR FRISK,Suspicious,W,38.02969763724365,-78.47741677843179,01,2012,10,10
STOP WITH SEARCH OR FRISK,Narcotic Investigation,B,38.04727138666171,-78.50323390678489,16,2012,09,16
STOP WITH SEARCH OR FRISK,Suspicious,W,38.03443092790177,-78.4995932774189,15,2012,12,6
STOP WITH SEARCH OR FRISK,Robbery,B,38.02793567282214,-78.47993337750988,11,2012,07,13
STOP WITH SEARCH OR FRISK,Trespass,B,38.02964648946123,-78.47959900152946,01,2012,12,10
STOP WITH SEARCH OR FRISK,Traffic Stop,W,38.02746859134725,-78.48124229963814,11,2012,09,13
STOP WITH SEARCH OR FRISK,Suspicious,B,38.03537051864227,-78.50061462908614,15,2012,12,6
STOP WITH SEARCH OR FRISK,DIP,W,38.04406183303451,-78.49930655444778,16,2012,07,16
Search WITHOUT Stop-Frisk,Disorder,B,38.02750123334691,-78.48066953388782,11,2012,11,4
Search WITHOUT Stop-Frisk,Suspicious,B,38.03066321967341,-78.48301477005428,01,2012,09,1
STOP WITH SEARCH OR FRISK,Narcotic Investigation,W,38.03142398053063,-78.49393270159469,03,2012,10,2
Search WITHOUT Stop-Frisk,Trespass,W,38.02955010762207,-78.49006386994807,13,2012,11,13
Search WITHOUT Stop-Frisk,Suspicious,B,38.03671861142968,-78.49312254012654,05,2012,08,2
STOP WITH SEARCH OR FRISK,Trespass,B,38.02982756772215,-78.47832245196932,01,2012,12,10
Search WITHOUT Stop-Frisk,Liquor Law Violation,W,38.032162202549664,-78.48013609214432,02,2012,08,10
Search WITHOUT Stop-Frisk,Liquor Law Violation,B,38.044306653737436,-78.49920645451765,16,2012,08,15
Search WITHOUT Stop-Frisk,Trespass,B,38.03151796307413,-78.47912184540817,02,2012,08,10
STOP WITH SEARCH OR FRISK,INDECENT EXPOSURE,B,38.030279040892054,-78.47766007740651,01,2012,08,1
STOP WITH SEARCH OR FRISK,Trespass,B,38.0297940506502,-78.48080841691159,01,2012,12,10
Search WITHOUT Stop-Frisk,Suspicious,B,38.029759142602295,-78.47652270153627,01,2012,09,1
STOP WITH SEARCH OR FRISK,Weapons Law Violation,B,38.014667323344014,-78.47907967606157,10,2012,10,4
Search WITHOUT Stop-Frisk,Trespass,W,38.034037458713506,-78.49052851050011,04,2012,09,11
Search WITHOUT Stop-Frisk,Liquor Law Violation,B,38.02124042866914,-78.47099190061817,10,2012,07,12
STOP WITH SEARCH OR FRISK,Narcotic Investigation,B,38.03155195022976,-78.48267841203526,01,2012,07,1
STOP WITH SEARCH OR FRISK,Narcotic Investigation,W,38.02165011410175,-78.47744237635813,10,2012,12,4
STOP WITH SEARCH OR FRISK,VANDALISM,W,38.02225346180096,-78.49692985635362,21,2012,10,16
Search WITHOUT Stop-Frisk,Trespass,B,38.03382016100019,-78.49196653603701,04,2012,09,11
STOP WITH SEARCH OR FRISK,Suspicious,B,38.03479375090768,-78.49939339156273,15,2012,12,6
STOP WITH SEARCH OR FRISK,Weapons Law Violation,B,38.01136214585634,-78.50621620587174,33,2012,09,10
STOP WITH SEARCH OR FRISK,Mo Mohr Transport,B,38.03729341601848,-78.49924908446165,16,2012,12,6
Search WITHOUT Stop-Frisk,Suspicious,B,38.03367989608349,-78.49179106877352,04,2012,11,11
Search WITHOUT Stop-Frisk,Disorder,B,38.03096452830673,-78.48166879336225,01,2012,08,1
STOP WITH SEARCH OR FRISK,Traffic Stop,W,38.029142255725695,-78.48494022261546,11,2012,09,13
Search WITHOUT Stop-Frisk,Liquor Law Violation,W,38.03076693700971,-78.47804152979542,02,2012,08,10
STOP WITH SEARCH OR FRISK,Traffic Stop,W,38.04508298000067,-78.50191906650221,16,2012,08,16
Search WITHOUT Stop-Frisk,Assault,B,38.01305436157589,-78.46943424281571,10,2012,09,3
Search WITHOUT Stop-Frisk,Liquor Law Violation,W,38.03155989262387,-78.47723705877799,02,2012,11,1
Search WITHOUT Stop-Frisk,Suspicious,B,38.03364938444616,-78.49079130888099,04,2012,11,11
STOP WITH SEARCH OR FRISK,Suspicious,B,38.02767796543399,-78.48919800306724,13,2012,12,6
STOP WITH SEARCH OR FRISK,Traffic Stop,B,38.02789744648342,-78.500761131669,13,2012,12,6
Search WITHOUT Stop-Frisk,Disorder,B,38.029705952611714,-78.47681775891768,01,2012,08,16
STOP WITH SEARCH OR FRISK,Warrant Service,B,38.04813111244434,-78.45109504399667,18,2012,11,33
Search WITHOUT Stop-Frisk,Assault,B,38.028215815724344,-78.47940393325534,11,2012,11,4
STOP WITH SEARCH OR FRISK,Suspicious,B,38.02744742071763,-78.5008021356486,13,2012,12,6
STOP WITH SEARCH OR FRISK,Suspicious,B,38.03456368834584,-78.50006576685715,15,2012,12,6
STOP WITH SEARCH OR FRISK,Suspicious,B,38.01237184375402,-78.50645642467907,33,2012,10,10
STOP WITH SEARCH OR FRISK,Narcotic Investigation,W,38.03195939990112,-78.48279831061636,01,2012,08,1
Search WITHOUT Stop-Frisk,Larceny,B,38.037884336247345,-78.4976797069389,16,2012,12,6
STOP WITH SEARCH OR FRISK,Narcotic Investigation,B,38.03027528736192,-78.47955032916212,01,2012,07,1
Search WITHOUT Stop-Frisk,Suspicious,B,38.03424035174548,-78.49159455637289,04,2012,11,11
Search WITHOUT Stop-Frisk,Liquor Law Violation,W,38.03209386628586,-78.48039534967441,02,2012,08,10
Search WITHOUT Stop-Frisk,Mo Mohr Transport,W,38.0319526765174,-78.48430607868724,02,2012,11,10
STOP WITH SEARCH OR FRISK,Mo Mohr Transport,W,38.03088584698994,-78.48376264953968,01,2012,08,1
Search WITHOUT Stop-Frisk,Larceny,B,38.03399273621994,-78.49007473645229,04,2012,08,16
